First Name,Last Name,Email,Phone,Address
Anaël,Rising,rrising0@yellowbook.com,709-293-3171,7th Floor
Marie-noël,Kiloh,ckiloh1@nationalgeographic.com,394-144-4459,Apt 821
Amélie,Mattessen,emattessen2@github.com,209-431-8149,Apt 1776
Anaïs,Blonfield,cblonfield3@yellowbook.com,383-308-2004,PO Box 64333
Célestine,Sandifer,csandifer4@people.com.cn,717-703-7851,Apt 1438
Simplifiés,Cuttle,ccuttle5@guardian.co.uk,631-755-0893,Apt 236
Simplifiés,Enderwick,aenderwick6@aboutads.info,576-290-2789,Apt 1509
André,Sebire,bsebire7@usatoday.com,263-343-3762,Room 1930
Björn,Dowdeswell,gdowdeswell8@epa.gov,942-890-0030,1st Floor
Mélissandre,Kington,vkington9@weibo.com,575-869-0655,14th Floor
Publicité,Meneyer,cmeneyera@meetup.com,566-771-2492,Room 1780
Réservés,Manwaring,amanwaringb@shinystat.com,559-333-1529,Room 572
Océane,Falkinder,tfalkinderc@nationalgeographic.com,708-393-3580,Room 876
Lèi,Roll,brolld@so-net.ne.jp,296-462-3474,Room 1845
Maïly,Fossick,mfossicke@google.it,678-434-5331,PO Box 98897
Zoé,Fanner,rfannerf@hubpages.com,358-525-7357,5th Floor
Eugénie,Frodsam,rfrodsamg@github.io,951-169-2930,Apt 939
Cléa,Gallemore,ngallemoreh@virginia.edu,465-179-5750,Suite 2
Angélique,Viant,wvianti@ameblo.jp,739-414-3069,15th Floor
Ráo,Raft,braftj@kickstarter.com,308-682-5321,PO Box 89887
Michèle,Ealles,neallesk@flickr.com,661-532-0973,Suite 43
Laurélie,Elgie,relgiel@msu.edu,524-405-5358,Room 1113
Miléna,Cino,acinom@usgs.gov,282-165-3926,Apt 312
Célia,Oultram,loultramn@angelfire.com,499-156-8031,Room 473
Gisèle,Flower,gflowero@altervista.org,613-167-8442,Room 227
Clélia,O'Lunney,oolunneyp@wp.com,651-402-0548,Room 997
Lèi,Pridham,jpridhamq@yahoo.com,244-424-2965,Suite 13
Torbjörn,Krebs,skrebsr@cloudflare.com,535-521-8525,Room 149
Ophélie,Kilbourn,akilbourns@npr.org,541-956-2411,Apt 567
Bérangère,Simonin,psimonint@cargocollective.com,757-659-8865,Apt 1059
Méryl,Scawen,zscawenu@unblog.fr,621-366-5145,14th Floor
Táng,Ahrendsen,tahrendsenv@go.com,262-256-1629,5th Floor
Simplifiés,Durdy,gdurdyw@google.de,958-411-3559,17th Floor
Håkan,Thurlbourne,tthurlbournex@yelp.com,496-863-1063,PO Box 18089
Célestine,Clissell,tclisselly@foxnews.com,254-895-2529,Suite 84
Joséphine,Gierardi,ngierardiz@123-reg.co.uk,617-967-9327,Suite 69
Aí,Busch,jbusch10@rambler.ru,328-396-3020,Room 878
Aloïs,Gamet,mgamet11@purevolume.com,872-841-9052,PO Box 59257
Illustrée,Matschke,lmatschke12@hexun.com,987-687-6897,Suite 18
Cinéma,Worner,hworner13@bing.com,814-363-8625,Suite 84
Märta,Gibbin,egibbin14@com.com,536-752-2009,Room 324
Renée,Thom,cthom15@domainmarket.com,116-289-9049,Room 700
Zhì,Everly,jeverly16@mayoclinic.com,550-367-3745,Suite 84
Angélique,Castellaccio,jcastellaccio17@is.gd,219-459-5167,Room 339
Dù,McVeagh,mmcveagh18@arizona.edu,213-644-9920,PO Box 85167
Inès,Driscoll,pdriscoll19@ask.com,600-214-4985,Suite 24
Tán,Comellini,ocomellini1a@amazon.co.uk,224-391-2619,Room 1456
Adélie,Clubley,cclubley1b@google.de,170-150-4097,Room 648
Torbjörn,Rohlfs,erohlfs1c@furl.net,692-253-4740,Room 739
Marie-thérèse,Thirlwall,jthirlwall1d@instagram.com,800-540-5873,Suite 87
Anaël,Domleo,ldomleo1e@google.com,870-576-6249,Apt 139
Stévina,Vardon,yvardon1f@psu.edu,952-534-8811,16th Floor
Maïlis,Beszant,dbeszant1g@oracle.com,947-104-2041,Apt 1724
Mélinda,Ginner,bginner1h@nytimes.com,376-386-9282,Room 217
Maïly,Iacoviello,hiacoviello1i@woothemes.com,762-566-9348,PO Box 52704
Laurélie,Sebire,ssebire1j@yandex.ru,895-541-3555,Room 1360
Vénus,Oag,coag1k@topsy.com,365-355-5595,Apt 270
Noëlla,Iannuzzelli,aiannuzzelli1l@salon.com,364-848-0274,Room 1554
Vérane,Corke,mcorke1m@wikia.com,861-430-7225,20th Floor
Personnalisée,Petyankin,kpetyankin1n@techcrunch.com,568-399-3130,Room 1911
Lucrèce,Younge,syounge1o@acquirethisname.com,129-263-0385,PO Box 71563
Börje,Paige,bpaige1p@google.com,842-453-5438,Suite 81
André,Etridge,metridge1q@wunderground.com,359-891-4620,6th Floor
Eloïse,Mandry,imandry1r@hp.com,401-439-0031,7th Floor
Dafnée,Mertsching,mmertsching1s@odnoklassniki.ru,453-982-3095,Suite 11
Gaétane,Karle,hkarle1t@cornell.edu,831-366-2760,17th Floor
Hélèna,Sidon,ssidon1u@unesco.org,911-388-5642,7th Floor
Eloïse,Tomasek,wtomasek1v@google.pl,513-879-1322,10th Floor
Irène,Fogarty,nfogarty1w@foxnews.com,450-268-1613,PO Box 15752
Adèle,MacConnel,ymacconnel1x@parallels.com,929-650-1786,Room 108
Hélèna,Laidel,plaidel1y@w3.org,341-454-6193,PO Box 54619
Aurélie,Purselow,dpurselow1z@google.nl,429-647-9019,8th Floor
Maïlys,McGifford,cmcgifford20@desdev.cn,852-447-5635,Suite 83
Styrbjörn,Jochens,sjochens21@nsw.gov.au,191-448-0498,Room 1293
Rébecca,Willgoss,lwillgoss22@chicagotribune.com,483-562-3732,Suite 46
Célia,Coronado,ocoronado23@diigo.com,726-373-9100,Room 779
Laïla,Elegood,eelegood24@yolasite.com,490-756-2969,11th Floor
Marie-thérèse,Daton,bdaton25@google.nl,136-453-4706,Apt 1623
Mélanie,Ohrtmann,fohrtmann26@blog.com,683-382-2979,PO Box 53630
Annotée,Colten,gcolten27@kickstarter.com,305-145-5323,PO Box 96477
Edmée,Glas,mglas28@nymag.com,597-181-3754,Room 105
Mélinda,Cockroft,bcockroft29@wikia.com,797-468-2004,5th Floor
Anaël,Nathan,pnathan2a@jimdo.com,234-356-7456,15th Floor
Célestine,Heiner,theiner2b@businessinsider.com,226-343-5604,Apt 434
Miléna,O'Nolan,eonolan2c@cloudflare.com,408-242-6281,Room 395
Aí,Fowkes,pfowkes2d@ifeng.com,396-989-6566,PO Box 95298
Géraldine,Dufall,sdufall2e@oracle.com,818-991-1237,7th Floor
Åslög,Goodram,cgoodram2f@adobe.com,447-440-9513,PO Box 54479
Lóng,Livsey,jlivsey2g@wufoo.com,170-491-4220,Suite 50
Annotés,Crippin,dcrippin2h@nbcnews.com,579-117-8200,Suite 22
Danièle,MacCauley,cmaccauley2i@nytimes.com,856-466-4247,PO Box 76947
Åke,Eakly,meakly2j@washingtonpost.com,640-137-5136,Apt 1041
Inès,O' Clovan,moclovan2k@comcast.net,307-523-5053,PO Box 90244
Annotée,Lowde,klowde2l@sogou.com,557-785-6926,Suite 85
Réservés,Peat,zpeat2m@nbcnews.com,338-848-0331,Apt 909
Åke,Vicent,bvicent2n@forbes.com,986-992-3671,PO Box 17755
Cloé,Gosnoll,mgosnoll2o@hubpages.com,314-543-8523,Room 1946
Marie-hélène,Vogele,evogele2p@drupal.org,344-517-4571,Room 922
Göran,Cussons,dcussons2q@etsy.com,532-931-4197,PO Box 84163
Hélèna,Markwell,jmarkwell2r@booking.com,537-819-7700,Apt 1974
Marie-ève,Hadye,ihadye2s@cdbaby.com,103-920-8101,Suite 13
Pénélope,MacEntee,lmacentee2t@indiegogo.com,566-688-7851,PO Box 11330
Yè,Kidston,gkidston2u@youtu.be,342-810-4423,PO Box 14916
Adélaïde,Pretious,mpretious2v@dedecms.com,283-403-5941,Suite 29
Noémie,Kann,ckann2w@earthlink.net,407-374-8097,Room 190
Gaétane,Bristo,abristo2x@indiegogo.com,237-647-7355,Room 1899
Hélèna,Riggoll,jriggoll2y@shareasale.com,189-683-1383,2nd Floor
Océane,Lidster,plidster2z@berkeley.edu,365-852-9284,Apt 423
Andrée,Gillyett,fgillyett30@addtoany.com,632-742-1440,Apt 1668
Mélinda,Gantzer,rgantzer31@domainmarket.com,805-102-8471,10th Floor
Léana,Ellinor,rellinor32@istockphoto.com,171-702-5777,PO Box 53637
Cinéma,Eckford,feckford33@google.co.uk,494-257-3307,PO Box 38091
Maï,Chadbourne,hchadbourne34@cnet.com,506-698-0024,PO Box 75320
Andréanne,Arp,narp35@rediff.com,686-714-3054,1st Floor
Ruì,Reynolds,mreynolds36@marriott.com,856-873-8912,Apt 542
Miléna,Klempke,eklempke37@huffingtonpost.com,305-214-2607,PO Box 35277
Régine,Matuszewski,cmatuszewski38@dagondesign.com,223-661-4548,4th Floor
Pénélope,Dundon,tdundon39@google.de,881-608-6286,Apt 899
Cinéma,Brocket,mbrocket3a@networksolutions.com,582-250-0173,PO Box 52931
Médiamass,Scolli,sscolli3b@toplist.cz,553-646-2965,Suite 28
Börje,Balsdon,abalsdon3c@dot.gov,342-121-3939,6th Floor
Judicaël,Ginnane,tginnane3d@cdbaby.com,942-806-4339,Suite 64
Fèi,Ferenc,rferenc3e@kickstarter.com,437-259-9734,9th Floor
Mà,Mc Carrick,bmccarrick3f@wordpress.com,820-105-9680,10th Floor
Réjane,Peerman,npeerman3g@myspace.com,650-877-5567,Room 1341
Loïc,Slyme,eslyme3h@imdb.com,742-546-1624,Apt 882
Thérèse,Burburough,rburburough3i@youku.com,575-429-2815,Suite 33
Loïs,Mathouse,nmathouse3j@vimeo.com,571-861-9545,Suite 93
Athéna,Mocquer,tmocquer3k@webs.com,451-161-9546,Suite 11
Félicie,Aaronsohn,caaronsohn3l@earthlink.net,563-318-3672,9th Floor
Åslög,Raddon,eraddon3m@phoca.cz,893-930-1700,PO Box 24172
Cécilia,Cuer,ucuer3n@berkeley.edu,429-411-2983,PO Box 86936
Maëlle,Galler,bgaller3o@wiley.com,968-462-8929,Suite 56
Pål,Dodgshon,cdodgshon3p@psu.edu,305-295-9829,Suite 71
Anaé,Van Rembrandt,hvanrembrandt3q@wunderground.com,840-392-9817,Suite 16
Dafnée,Benardet,cbenardet3r@wisc.edu,955-920-5486,8th Floor
Adèle,Frankland,jfrankland3s@goo.gl,419-839-7044,Room 74
Noémie,Watting,hwatting3t@issuu.com,499-618-1226,Suite 54
Bécassine,Wybrow,awybrow3u@jugem.jp,411-946-5695,Suite 38
Cléopatre,Choat,cchoat3v@123-reg.co.uk,348-436-9148,Apt 1285
Maéna,McGuffog,gmcguffog3w@netlog.com,674-906-9271,16th Floor
Geneviève,Osant,nosant3x@example.com,598-967-8539,Apt 967
Hélène,Coryndon,hcoryndon3y@unicef.org,447-756-5286,Apt 1097
Maïlys,Barthelemy,mbarthelemy3z@boston.com,971-939-2311,Suite 89
Crééz,O'Sheils,gosheils40@istockphoto.com,833-943-1707,Apt 1447
Léa,Kubal,dkubal41@goo.gl,740-514-1776,Suite 30
Aloïs,Dingate,ndingate42@yahoo.com,106-399-1306,Suite 44
Alizée,Duffyn,dduffyn43@macromedia.com,659-965-6583,Suite 46
Angélique,Macklin,jmacklin44@squarespace.com,837-171-7891,15th Floor
Athéna,Devonald,cdevonald45@cbsnews.com,133-198-5752,Room 1664
Stévina,Ablewhite,tablewhite46@miitbeian.gov.cn,256-527-1166,PO Box 15239
Annotée,Aldin,maldin47@nytimes.com,870-634-2907,20th Floor
Dorothée,Hanscombe,shanscombe48@mapquest.com,747-762-6243,Suite 19
Séverine,Bygrove,jbygrove49@symantec.com,734-543-6392,Suite 15
Anaël,Fosserd,efosserd4a@addthis.com,859-175-6593,Room 493
Méline,Wheelwright,twheelwright4b@addthis.com,347-527-6789,Apt 1599
Marie-françoise,Claypole,pclaypole4c@patch.com,674-666-0892,Room 1070
Cécilia,Scamp,rscamp4d@pagesperso-orange.fr,399-870-8580,PO Box 39964
Yénora,Scothern,kscothern4e@slate.com,516-787-8253,PO Box 67524
Esbjörn,Cancott,bcancott4f@imageshack.us,690-988-8005,Suite 11
Ruò,Pfeifer,epfeifer4g@cafepress.com,585-509-8298,1st Floor
Bécassine,Wadesworth,kwadesworth4h@yelp.com,395-929-3850,Suite 63
Françoise,Josse,cjosse4i@unicef.org,414-324-8050,Apt 669
Edmée,Ambroise,lambroise4j@mediafire.com,917-220-4493,PO Box 85847
Naéva,Grcic,cgrcic4k@ebay.co.uk,227-916-6174,Apt 1372
Crééz,Kearey,nkearey4l@barnesandnoble.com,525-860-0610,PO Box 41770
Séverine,Liddle,hliddle4m@trellian.com,560-808-1779,Apt 1993
Vénus,Stoddard,mstoddard4n@answers.com,492-104-8565,15th Floor
Salomé,Morena,amorena4o@hatena.ne.jp,979-547-4305,15th Floor
Néhémie,Noah,mnoah4p@omniture.com,297-349-6404,Room 1028
Réservés,Corcut,ocorcut4q@bloglines.com,678-406-3230,19th Floor
Irène,Drever,rdrever4r@mysql.com,393-543-7836,Suite 61
Mylène,Kenewel,akenewel4s@xrea.com,565-667-1126,PO Box 61899
Chloé,Bremley,kbremley4t@ustream.tv,710-637-1841,Suite 12
Judicaël,Billings,sbillings4u@oaic.gov.au,470-746-8696,15th Floor
Kù,Houlston,jhoulston4v@icio.us,262-137-4126,Room 1531
Renée,Wollaston,pwollaston4w@rakuten.co.jp,309-858-4384,PO Box 58110
Angélique,Roseaman,hroseaman4x@webmd.com,823-576-7400,4th Floor
Stéphanie,Stokoe,lstokoe4y@gov.uk,411-246-1472,PO Box 37248
Gisèle,Sheer,bsheer4z@wufoo.com,897-896-9299,Room 1933
Aimée,Arnet,karnet50@jimdo.com,370-295-3419,Suite 60
Maï,McKeown,amckeown51@abc.net.au,375-390-8257,2nd Floor
Lorène,Bayley,vbayley52@ocn.ne.jp,399-870-3574,PO Box 60542
Miléna,Liddicoat,rliddicoat53@kickstarter.com,444-650-5589,Suite 86
Loïca,Hedden,mhedden54@spotify.com,565-361-1084,Apt 419
Réservés,Bailess,fbailess55@apple.com,544-684-6987,18th Floor
Adèle,Fabbro,rfabbro56@wunderground.com,367-848-5354,Suite 67
Maëline,Denisot,adenisot57@surveymonkey.com,923-125-4471,Suite 100
Edmée,Librey,plibrey58@artisteer.com,940-875-6534,Room 1999
Valérie,Fannin,cfannin59@google.com.br,384-528-4471,15th Floor
Hélèna,Llopis,allopis5a@last.fm,148-325-8493,14th Floor
Gwenaëlle,Gerson,mgerson5b@myspace.com,562-294-4896,Apt 888
Mélys,Starrs,gstarrs5c@plala.or.jp,301-154-5393,Apt 1628
Maïlys,Kirsch,gkirsch5d@over-blog.com,540-601-3304,Room 1321
Pål,Gatsby,lgatsby5e@free.fr,961-540-0612,PO Box 81558
Océanne,Goodbur,bgoodbur5f@163.com,217-657-8570,4th Floor
Intéressant,Willman,fwillman5g@narod.ru,791-685-9360,Room 455
Célia,Raymen,eraymen5h@blog.com,959-698-8538,Suite 95
Laurélie,Roumier,troumier5i@umich.edu,307-785-6560,Suite 3
Simplifiés,Bodicam,bbodicam5j@facebook.com,899-699-7218,Suite 31
Géraldine,Alenikov,calenikov5k@symantec.com,977-691-4210,Suite 86
Réjane,Branton,abranton5l@blogger.com,925-794-1664,14th Floor
Lorène,Traite,ftraite5m@reference.com,205-618-3723,Apt 937
Océane,Smy,bsmy5n@go.com,517-751-7505,PO Box 64675
Yénora,Clementson,gclementson5o@google.fr,762-277-6761,Room 410
Lén,Skains,eskains5p@webs.com,287-468-3216,10th Floor
Sélène,Fforde,sfforde5q@friendfeed.com,692-756-7455,Room 1412
Ráo,Goeff,kgoeff5r@ed.gov,780-148-7985,Apt 1420
Vénus,True,jtrue5s@dion.ne.jp,507-105-4343,PO Box 18727
Eléa,de Keep,cdekeep5t@zdnet.com,191-879-2355,Suite 15
Clémentine,Yoodall,dyoodall5u@youtu.be,368-480-4857,13th Floor
Mårten,Mayall,rmayall5v@twitpic.com,241-599-7976,12th Floor
Géraldine,Abrey,habrey5w@omniture.com,644-282-1420,PO Box 46027
Lorène,Guilder,jguilder5x@cnbc.com,942-975-5160,10th Floor
Méng,Bolger,pbolger5y@t-online.de,597-523-5676,1st Floor
Loïc,Vanlint,hvanlint5z@umich.edu,426-272-0193,PO Box 76561
Rébecca,Twell,itwell60@slashdot.org,907-532-3786,Room 487
Angélique,Bausor,gbausor61@google.pl,664-639-8232,Suite 53
Andréa,Jedrzej,ajedrzej62@amazon.co.jp,927-739-9565,20th Floor
Mahélie,Pickrill,bpickrill63@friendfeed.com,949-183-4290,Apt 1831
Médiamass,Catlette,gcatlette64@jigsy.com,497-608-8704,PO Box 39967
Joséphine,Hartles,rhartles65@over-blog.com,819-575-4907,Room 928
Mahélie,Kirkland,ikirkland66@t.co,180-411-6233,Room 1733
Gösta,Brumen,cbrumen67@paypal.com,351-297-4303,PO Box 84115
Aloïs,Byrd,pbyrd68@imgur.com,231-308-8741,PO Box 88610
Réservés,Canter,ccanter69@illinois.edu,622-653-9148,Suite 2
Simplifiés,Cathee,icathee6a@adobe.com,742-427-7737,Apt 1546
Céline,Spieck,dspieck6b@hugedomains.com,569-404-1753,Room 612
Esbjörn,Adran,hadran6c@odnoklassniki.ru,459-396-8992,PO Box 22511
Loïc,Renshell,hrenshell6d@cloudflare.com,107-752-4117,PO Box 17375
Mélanie,Mallinder,gmallinder6e@ycombinator.com,365-920-1525,PO Box 67102
Gaétane,Hurton,rhurton6f@sogou.com,232-520-3498,19th Floor
Françoise,Troucher,qtroucher6g@marketwatch.com,734-829-5810,Apt 1639
Liè,Wulfinger,awulfinger6h@ezinearticles.com,580-236-4780,1st Floor
Léana,Dudden,pdudden6i@europa.eu,597-695-9636,Apt 1933
Naéva,Klasing,qklasing6j@mashable.com,936-831-5902,Apt 470
Fèi,Bunyard,bbunyard6k@unicef.org,711-981-0266,2nd Floor
Åsa,Glendining,aglendining6l@stanford.edu,315-841-4113,PO Box 78539
Méline,Fernanando,afernanando6m@marketwatch.com,921-252-0200,Room 1142
Nadège,MacGillavery,dmacgillavery6n@microsoft.com,926-456-6734,Room 1746
Cléopatre,Clowley,cclowley6o@miitbeian.gov.cn,385-231-2139,PO Box 39654
Mélina,Goligher,bgoligher6p@livejournal.com,285-220-8637,18th Floor
Irène,Labes,ulabes6q@e-recht24.de,628-786-6678,5th Floor
Illustrée,Pfaff,kpfaff6r@bigcartel.com,286-155-7430,Apt 1882
Loïc,Dibley,fdibley6s@disqus.com,771-356-2750,Room 1607
Léonore,Capenor,kcapenor6t@skype.com,800-384-1664,19th Floor
Gérald,Allot,sallot6u@toplist.cz,703-965-7798,Suite 51
Kévina,Tupie,ktupie6v@tumblr.com,421-275-0645,PO Box 77167
Renée,Hamlett,chamlett6w@multiply.com,947-139-1071,5th Floor
Faîtes,Thys,lthys6x@jugem.jp,627-261-3016,6th Floor
Maëline,Hofner,ghofner6y@reverbnation.com,259-585-7140,Suite 93
Bécassine,Bedborough,kbedborough6z@nifty.com,527-263-2876,Apt 1758
Céline,Fessions,mfessions70@sourceforge.net,203-213-0267,Room 904
Yáo,Methringham,amethringham71@forbes.com,888-675-2913,Room 359
Léonie,Drowsfield,hdrowsfield72@google.de,667-847-7214,Suite 60
Laïla,McShee,dmcshee73@usa.gov,206-884-6744,20th Floor
Léana,Kiddye,skiddye74@pbs.org,883-796-2366,Suite 67
Bérengère,O'Doogan,podoogan75@virginia.edu,876-810-2242,Room 1015
Sélène,Roman,mroman76@omniture.com,632-453-5822,Room 1824
Stéphanie,MacCathay,kmaccathay77@forbes.com,717-652-7084,15th Floor
Göran,Wenn,ewenn78@sfgate.com,763-703-5217,11th Floor
Maï,Quennell,mquennell79@people.com.cn,270-298-8052,Apt 1061
Frédérique,Ferrea,hferrea7a@google.com.au,237-319-6988,Suite 24
Lài,Hexum,nhexum7b@qq.com,370-243-1840,Apt 917
Léane,Tugwell,ltugwell7c@npr.org,685-998-4708,Suite 51
Mélys,Ricciardiello,ericciardiello7d@posterous.com,434-573-6555,Room 1579
Noémie,Tregale,btregale7e@virginia.edu,760-689-6603,Suite 1
Björn,Sweeting,rsweeting7f@fastcompany.com,388-572-1691,Suite 32
Fèi,Bloomer,ibloomer7g@fastcompany.com,914-585-8759,PO Box 23430
Chloé,Ruf,druf7h@typepad.com,856-730-5305,Room 876
Marylène,Driffield,fdriffield7i@yolasite.com,955-432-8584,Apt 1001
Östen,Jobbing,jjobbing7j@xrea.com,979-899-8020,Room 809
Clémentine,Belison,mbelison7k@rediff.com,802-709-6886,Room 462
Geneviève,Deveril,jdeveril7l@360.cn,471-744-0180,Room 313
Åsa,Pulley,apulley7m@indiatimes.com,901-570-8623,PO Box 93077
Måns,Sprigin,isprigin7n@sciencedaily.com,752-358-8556,Suite 52
Gérald,Dunkerly,tdunkerly7o@flavors.me,113-922-0884,Apt 134
Irène,Sedwick,asedwick7p@rediff.com,484-375-3386,PO Box 44790
Lauréna,Revens,jrevens7q@skyrock.com,806-606-3422,Room 1587
Loïca,Crouch,lcrouch7r@fda.gov,531-623-4921,Apt 853
Mén,Henrichsen,ihenrichsen7s@mashable.com,318-133-5194,Suite 48
Cléa,Pilling,epilling7t@deliciousdays.com,395-308-3081,Suite 36
Marie-josée,Grinishin,bgrinishin7u@posterous.com,679-329-5419,PO Box 47880
Maëlyss,Dorcey,sdorcey7v@acquirethisname.com,839-664-3924,PO Box 77414
Anaël,Quinnelly,kquinnelly7w@example.com,566-139-8482,Apt 905
Pò,Ventum,wventum7x@youku.com,209-161-9234,4th Floor
Geneviève,Karus,wkarus7y@theatlantic.com,943-244-9014,19th Floor
Géraldine,Brayson,dbrayson7z@whitehouse.gov,255-567-8570,18th Floor
Méthode,Craigie,mcraigie80@washingtonpost.com,764-476-6585,2nd Floor
Åslög,Mengue,jmengue81@mayoclinic.com,659-502-0013,PO Box 54227
Gaïa,Wallbrook,lwallbrook82@canalblog.com,982-481-2713,15th Floor
Gérald,Roddan,croddan83@google.pl,676-226-0600,Room 631
Desirée,Fortesquieu,bfortesquieu84@seattletimes.com,318-791-5870,Room 1910
Mélodie,Ickovitz,fickovitz85@skype.com,668-617-1582,PO Box 14693
Ráo,Habbes,khabbes86@i2i.jp,407-429-4629,18th Floor
Félicie,Traylen,ktraylen87@furl.net,789-911-8699,Suite 94
Björn,Dench,fdench88@hhs.gov,190-592-0881,PO Box 12446
Måns,Malecky,lmalecky89@prweb.com,847-201-6196,Room 1507
Réjane,Waine,hwaine8a@princeton.edu,209-455-0960,Apt 1660
Börje,McNamee,kmcnamee8b@pbs.org,307-303-1055,Suite 91
Maëline,Gravestone,tgravestone8c@ft.com,543-646-0966,19th Floor
Marie-noël,Ticic,cticic8d@engadget.com,364-755-1134,Suite 19
Edmée,Moorrud,zmoorrud8e@hp.com,780-579-5129,Suite 66
Maëly,Huglin,chuglin8f@github.com,219-768-6409,Apt 1021
Publicité,Peirce,bpeirce8g@jalbum.net,771-611-8502,Apt 1230
Gwenaëlle,Tasch,jtasch8h@prlog.org,396-290-0939,Room 96
Valérie,Egerton,megerton8i@sogou.com,116-488-8101,Apt 617
Marie-josée,Tuckie,btuckie8j@youtu.be,392-250-7732,Suite 4
Réjane,Birchwood,jbirchwood8k@ox.ac.uk,690-274-0439,8th Floor
Cécilia,Purvey,npurvey8l@tamu.edu,605-703-8207,Room 935
Mélina,Issard,pissard8m@hostgator.com,511-663-3300,13th Floor
Pénélope,Wanne,owanne8n@tumblr.com,732-768-2245,Suite 77
Judicaël,Fibbit,bfibbit8o@oakley.com,853-897-5854,Room 1433
Eloïse,O'Shee,aoshee8p@51.la,977-245-1417,Apt 1071
Agnès,Ghidotti,gghidotti8q@xrea.com,605-338-4336,Room 1187
Kallisté,Cornels,ccornels8r@weebly.com,375-985-9076,Apt 139
Estée,Bartul,wbartul8s@cdbaby.com,757-438-0863,PO Box 9812
Marie-thérèse,Kuhlmey,nkuhlmey8t@slashdot.org,396-864-4674,Suite 2
Kuí,Pitt,fpitt8u@wikipedia.org,185-341-0296,Suite 70
Mélina,Coate,ocoate8v@is.gd,125-623-6280,Apt 1274
Andréanne,Theodoris,rtheodoris8w@ameblo.jp,172-311-0819,Suite 43
Léonore,Kovelmann,akovelmann8x@nhs.uk,464-428-2096,Room 1561
Mélinda,Darragh,ldarragh8y@weebly.com,581-694-4225,PO Box 12818
Zoé,Acton,racton8z@tuttocitta.it,770-333-9613,7th Floor
Mylène,Domotor,vdomotor90@opensource.org,545-712-3545,6th Floor
Pénélope,Maffulli,lmaffulli91@desdev.cn,914-369-3259,Suite 73
Aurélie,Handslip,dhandslip92@cbc.ca,998-168-9126,16th Floor
Kuí,Albutt,ralbutt93@themeforest.net,310-685-6613,Room 389
Joséphine,Eadmeades,jeadmeades94@walmart.com,564-248-1993,Apt 1391
Yóu,Comins,lcomins95@weibo.com,423-171-9532,Room 961
Lauréna,Volleth,tvolleth96@sbwire.com,894-804-3691,Room 380
Léa,Persse,bpersse97@hud.gov,452-923-6231,20th Floor
Naëlle,Tarquini,ltarquini98@webeden.co.uk,807-262-7561,Room 1516
Michèle,Jancic,ljancic99@weather.com,710-498-0813,Room 219
Méng,Alp,falp9a@g.co,202-791-5001,Room 1843
Maëlann,Gregersen,rgregersen9b@scientificamerican.com,336-861-5466,Apt 132
Irène,Derill,dderill9c@sbwire.com,805-821-5345,Apt 432
Desirée,Brodbin,jbrodbin9d@rambler.ru,819-954-2472,PO Box 31092
Yú,Niesel,iniesel9e@yahoo.co.jp,356-874-1468,Suite 99
Gisèle,Scrogges,ascrogges9f@mlb.com,517-697-7821,Apt 663
Léana,Courtois,tcourtois9g@wisc.edu,972-727-3584,PO Box 914
Méng,Cammish,ncammish9h@ihg.com,430-139-3801,Room 519
Néhémie,Seabon,cseabon9i@aol.com,431-755-1712,PO Box 58875
Anaé,Sandlin,dsandlin9j@boston.com,192-516-6937,PO Box 62435
Marlène,McRill,lmcrill9k@ezinearticles.com,478-102-5841,PO Box 67570
Sélène,Straniero,gstraniero9l@csmonitor.com,825-931-5315,Apt 2000
Marie-hélène,Lorentz,elorentz9m@si.edu,602-873-6400,Suite 69
Sòng,Rosenstiel,prosenstiel9n@infoseek.co.jp,158-164-0547,Room 95
Eliès,Dewerson,mdewerson9o@1und1.de,843-657-3391,Suite 65
Eugénie,Stillgoe,mstillgoe9p@netlog.com,322-898-2281,PO Box 68127
Håkan,Bauldrey,lbauldrey9q@china.com.cn,411-185-8863,Room 125
Josée,Belfield,sbelfield9r@last.fm,125-388-3559,Suite 86
Maëlle,Bothram,tbothram9s@columbia.edu,386-610-6992,12th Floor
Björn,Lesslie,hlesslie9t@nydailynews.com,487-377-8010,Room 232
Annotée,Prendergrass,lprendergrass9u@blogs.com,874-710-3844,Room 1486
Personnalisée,Scay,dscay9v@nps.gov,931-686-3969,Room 944
Médiamass,Fortesquieu,bfortesquieu9w@goo.gl,786-480-8345,Room 761
Audréanne,Autry,hautry9x@biblegateway.com,184-208-1958,Suite 67
Håkan,Knightly,dknightly9y@amazon.com,731-972-3462,Apt 1335
Anaël,Weatherburn,jweatherburn9z@umn.edu,174-333-0592,5th Floor
Pål,Irvine,birvinea0@yandex.ru,529-434-4516,PO Box 77238
Gisèle,Jowers,wjowersa1@feedburner.com,229-869-7554,17th Floor
Rachèle,Filipiak,kfilipiaka2@yolasite.com,986-697-4438,Suite 77
Anaël,Denslow,adenslowa3@ezinearticles.com,315-748-2404,9th Floor
Faîtes,Theurer,rtheurera4@mail.ru,689-889-5800,13th Floor
Intéressant,MacGinney,gmacginneya5@privacy.gov.au,735-811-3853,Suite 85
Andréanne,Grewe,cgrewea6@flavors.me,251-635-2023,PO Box 61865
Inès,Tume,atumea7@dot.gov,663-991-1933,7th Floor
Edmée,Baxster,tbaxstera8@sourceforge.net,729-295-0070,Suite 64
Pélagie,Bourdice,mbourdicea9@bandcamp.com,533-906-3655,Suite 5
Angélique,Muslim,emuslimaa@earthlink.net,348-213-1997,PO Box 99503
Nadège,Burkhill,nburkhillab@spiegel.de,160-433-0602,Suite 99
Bérénice,Kirwan,bkirwanac@shareasale.com,527-927-2585,3rd Floor
Irène,Shinefield,lshinefieldad@smh.com.au,136-849-5903,Room 248
Frédérique,Maslin,mmaslinae@bbb.org,245-992-7903,Room 966
Réservés,Cortin,wcortinaf@baidu.com,431-785-1022,Suite 18
Adèle,Lambricht,elambrichtag@pinterest.com,800-684-3895,2nd Floor
Anaëlle,Caldecutt,mcaldecuttah@tuttocitta.it,244-293-9575,Room 664
Kallisté,Sealeaf,esealeafai@chron.com,968-526-9747,PO Box 31075
Eliès,Petigrew,mpetigrewaj@opera.com,127-623-5290,Apt 4
Marie-thérèse,Macoun,imacounak@ycombinator.com,866-401-4738,PO Box 55482
Aurélie,Goch,tgochal@bigcartel.com,115-552-2157,Room 176
Estée,de Mullett,bdemullettam@ucoz.com,953-319-7256,Room 605
Solène,Wathey,kwatheyan@berkeley.edu,794-264-0663,7th Floor
Geneviève,Jeaffreson,bjeaffresonao@dagondesign.com,506-911-8311,Apt 23
Stévina,Antunez,bantunezap@berkeley.edu,103-532-7517,PO Box 17940
Maï,Briffett,gbriffettaq@time.com,110-790-6171,4th Floor
Béatrice,Viccars,dviccarsar@blogger.com,207-427-1211,Apt 401
Desirée,Mellsop,cmellsopas@trellian.com,199-958-0360,Apt 123
Frédérique,MacConnal,gmacconnalat@diigo.com,554-708-9618,PO Box 2426
Réjane,Szwandt,lszwandtau@rediff.com,158-596-9091,Suite 40
Liè,Bromhead,cbromheadav@hc360.com,367-539-2113,Apt 1314
Andréanne,Dyers,ndyersaw@t.co,433-356-9480,PO Box 4676
Léane,Crollman,bcrollmanax@forbes.com,255-860-0384,Room 963
Bérénice,Turneaux,dturneauxay@pen.io,482-682-0278,Room 850
Stéphanie,Vockings,ovockingsaz@liveinternet.ru,555-802-4147,PO Box 50292
Mélia,Depper,pdepperb0@qq.com,281-925-3489,Apt 242
Gaïa,Keelin,nkeelinb1@ustream.tv,111-756-7691,Suite 83
Bérangère,Menicomb,mmenicombb2@washington.edu,564-724-2528,Room 460
Cloé,Pawling,ppawlingb3@ycombinator.com,889-958-9606,14th Floor
Anaïs,Shoutt,dshouttb4@opera.com,804-831-9247,Room 1404
Lèi,Nevill,snevillb5@skype.com,319-784-1805,Room 392
Céline,Silkston,fsilkstonb6@stanford.edu,401-423-9120,3rd Floor
Eléonore,Mahedy,gmahedyb7@newsvine.com,950-451-0349,Suite 14
Stéphanie,Timeby,mtimebyb8@reddit.com,238-412-7151,Suite 49
Bérengère,Robottham,erobotthamb9@phoca.cz,637-589-5514,PO Box 81744
Erwéi,Mutimer,rmutimerba@ox.ac.uk,386-209-7483,PO Box 24439
Styrbjörn,Coverdill,lcoverdillbb@mapy.cz,438-332-6115,PO Box 34701
Célestine,Riepl,erieplbc@163.com,985-377-8955,Apt 145
Anaëlle,Kuhwald,skuhwaldbd@fema.gov,973-839-9325,5th Floor
Annotée,Prophet,jprophetbe@wikispaces.com,521-338-0671,Room 614
Måns,Gerardeaux,wgerardeauxbf@accuweather.com,520-834-0183,Suite 74
Nadège,Riceards,nriceardsbg@eepurl.com,992-876-9578,Apt 1513
Andrée,Munslow,emunslowbh@hexun.com,300-630-0932,Room 1849
Marie-ève,Cottam,dcottambi@auda.org.au,219-769-2941,Room 1599
Publicité,Vasyatkin,cvasyatkinbj@bizjournals.com,847-324-7287,Suite 68
Gaétane,Hefforde,rheffordebk@webeden.co.uk,822-670-2955,PO Box 48436
Sélène,Hassekl,thasseklbl@homestead.com,767-933-5991,15th Floor
Åslög,Godbehere,ggodbeherebm@army.mil,174-719-1056,Room 811
Gaïa,Heigl,jheiglbn@jigsy.com,992-600-9853,Apt 1452
Marlène,Winson,bwinsonbo@slideshare.net,336-759-6636,Room 20
Salomé,Dowey,cdoweybp@yolasite.com,781-829-8949,PO Box 98929
Mélia,Threlkeld,jthrelkeldbq@statcounter.com,911-630-2354,PO Box 30231
Mégane,Balcombe,hbalcombebr@comcast.net,616-376-8747,Apt 1959
Tán,McCarron,cmccarronbs@ocn.ne.jp,166-805-1562,6th Floor
Léone,McFetridge,mmcfetridgebt@noaa.gov,948-225-2924,Apt 1435
Frédérique,Morrow,amorrowbu@techcrunch.com,428-683-1764,Apt 529
Lyséa,Eastope,neastopebv@liveinternet.ru,666-652-6193,Apt 586
Irène,Habberjam,rhabberjambw@admin.ch,511-584-8270,PO Box 36509
Léone,Shergold,jshergoldbx@samsung.com,269-690-6765,7th Floor
Clélia,Hutt,ghuttby@unesco.org,206-477-7552,18th Floor
Aí,Witherby,jwitherbybz@mozilla.org,280-739-6022,Apt 540
Marie-josée,Dionisetto,kdionisettoc0@hc360.com,904-908-9228,12th Floor
Publicité,Ravilious,nraviliousc1@studiopress.com,590-576-1924,PO Box 59582
Dù,Skym,bskymc2@businesswire.com,161-191-1576,Suite 57
Ruì,Sibray,dsibrayc3@list-manage.com,304-498-9637,PO Box 98964
Camélia,Wilshire,lwilshirec4@independent.co.uk,586-632-6423,Apt 1945
Miléna,Bonsey,sbonseyc5@about.com,736-565-1189,PO Box 99418
Alizée,Buckell,lbuckellc6@squarespace.com,395-585-2250,Room 1054
Görel,Deme,sdemec7@utexas.edu,928-912-7210,Suite 97
Léonore,Screaton,oscreatonc8@time.com,541-896-5417,Room 135
Maïwenn,Schwier,nschwierc9@google.com.br,665-165-8954,Suite 28
Dà,Flemyng,jflemyngca@usgs.gov,168-649-1308,Room 1067
Gaïa,Tarbin,gtarbincb@arstechnica.com,730-669-5557,1st Floor
Estève,Pittwood,kpittwoodcc@noaa.gov,593-981-7078,Suite 87
Léa,McShirrie,cmcshirriecd@google.de,421-834-6007,Apt 965
Judicaël,Crufts,mcruftsce@cornell.edu,839-700-4938,Suite 60
Åslög,Spilsburie,sspilsburiecf@paypal.com,309-180-6498,Apt 1111
Thérèsa,Duckerin,aduckerincg@prlog.org,307-298-1948,PO Box 76338
Adélie,Nowakowski,fnowakowskich@fema.gov,937-659-2910,19th Floor
Bécassine,McGrirl,fmcgrirlci@jigsy.com,754-860-6165,14th Floor
Andréa,Salthouse,csalthousecj@ihg.com,297-697-1986,Room 1421
Marie-ève,Gonin,jgoninck@amazonaws.com,178-572-8214,Room 1139
Maëlys,Taverner,jtavernercl@naver.com,749-246-7292,Suite 33
Anaël,Tunnick,rtunnickcm@goo.ne.jp,106-624-6675,Room 922
Yénora,Stolberger,astolbergercn@friendfeed.com,763-682-5448,12th Floor
Rachèle,Imm,kimmco@unesco.org,605-543-6473,Apt 616
Måns,Phant,rphantcp@ycombinator.com,754-353-4380,Apt 108
Lucrèce,Mulgrew,cmulgrewcq@phpbb.com,120-250-5839,Suite 5
Mélinda,Jacquest,ajacquestcr@who.int,662-829-8465,Apt 1743
Vénus,Van den Bosch,fvandenboschcs@histats.com,650-495-9691,Apt 85
Mårten,Lathy,slathyct@cpanel.net,510-856-6302,Suite 41
Yénora,Flade,mfladecu@google.pl,694-147-6942,PO Box 64726
Lorène,Gaskoin,lgaskoincv@ft.com,323-432-3221,Room 1391
Eugénie,Mollison,rmollisoncw@foxnews.com,970-633-9940,Apt 1350
Annotés,Riba,rribacx@feedburner.com,638-276-9978,Suite 75
Gaëlle,Sangwine,msangwinecy@instagram.com,558-570-4165,PO Box 14038
Athéna,McKinty,amckintycz@ycombinator.com,598-267-3363,6th Floor
Kù,Heyball,theyballd0@senate.gov,773-155-4942,Suite 61
Lorène,Hassall,hhassalld1@smh.com.au,922-410-1284,Suite 75
Rébecca,Buten,mbutend2@wufoo.com,114-525-6390,Room 1695
Táng,Tubbs,ctubbsd3@hubpages.com,941-925-9056,PO Box 51824
Liè,Kayley,dkayleyd4@cnn.com,427-618-9794,Apt 983
Marie-françoise,Colquit,ncolquitd5@psu.edu,697-317-9699,Room 595
Mélina,Chesterfield,mchesterfieldd6@bing.com,265-758-9751,Room 572
Yú,Gooch,cgoochd7@noaa.gov,919-283-6669,PO Box 91301
Almérinda,Visco,eviscod8@jalbum.net,952-145-8533,PO Box 81845
Lucrèce,Dilkes,mdilkesd9@bloglovin.com,119-607-6465,Apt 1766
Styrbjörn,Crucitti,lcrucittida@nih.gov,889-487-7795,Suite 91
Noémie,Mellish,smellishdb@ebay.co.uk,936-690-9355,7th Floor
Cloé,Windrass,hwindrassdc@dyndns.org,120-319-9708,PO Box 70079
Marlène,Debrick,tdebrickdd@tripod.com,859-173-4271,11th Floor
Frédérique,Puncher,mpuncherde@shareasale.com,542-233-1915,Room 1953
Célia,Eslinger,geslingerdf@nih.gov,110-740-5067,Suite 49
Médiamass,Linkleter,klinkleterdg@fda.gov,898-907-4081,PO Box 89166
Lucrèce,Mutimer,omutimerdh@shop-pro.jp,583-710-9216,Room 1382
Åsa,Sibbs,msibbsdi@ning.com,742-433-4004,Room 256
Tú,Thumim,ithumimdj@blogger.com,346-492-5506,PO Box 58713
Léone,Daughtrey,adaughtreydk@jalbum.net,623-178-5443,Room 1047
Estée,Leel,lleeldl@utexas.edu,490-351-2293,PO Box 89946
Stéphanie,Keenlayside,skeenlaysidedm@newsvine.com,313-329-9760,8th Floor
Magdalène,Holwell,gholwelldn@virginia.edu,224-533-2748,11th Floor
Marie-ève,Lubomirski,glubomirskido@jigsy.com,784-485-1498,Room 255
Laïla,Peniman,npenimandp@sohu.com,294-709-9802,Room 121
Yè,Creese,rcreesedq@surveymonkey.com,293-990-5728,Apt 1534
Agnès,Lintill,alintilldr@nih.gov,917-136-5302,Suite 98
Angèle,Searsby,msearsbyds@npr.org,800-313-3923,14th Floor
Zhì,Hicklingbottom,chicklingbottomdt@myspace.com,518-769-0940,Room 1558
Néhémie,Mebius,nmebiusdu@narod.ru,363-609-0934,Apt 1939
Yáo,Brandenberg,jbrandenbergdv@google.co.uk,297-304-7459,Apt 1578
Ruì,Eilhersen,aeilhersendw@smh.com.au,739-599-3591,PO Box 61231
Marie-josée,Capitano,jcapitanodx@yelp.com,409-184-8359,18th Floor
Médiamass,Billyeald,sbillyealddy@virginia.edu,740-465-1344,PO Box 98216
Annotée,Tilbey,ntilbeydz@admin.ch,512-746-5653,Room 1788
Lorène,Scowcraft,kscowcrafte0@msu.edu,395-186-5561,Suite 1
Mahélie,Menlove,bmenlovee1@ameblo.jp,196-790-0316,Apt 748
Médiamass,Priest,gprieste2@samsung.com,144-286-5754,Suite 39
Anaïs,Castiglio,scastiglioe3@ycombinator.com,937-677-8790,Suite 21
Crééz,Lentsch,glentsche4@google.pl,220-517-5257,Room 1301
Chloé,Houlridge,jhoulridgee5@cornell.edu,857-620-7364,5th Floor
Marie-ève,Tarn,ptarne6@google.nl,959-313-6656,Apt 358
Thérèse,Breewood,dbreewoode7@bing.com,259-515-2679,PO Box 20006
Adélie,Casazza,jcasazzae8@marriott.com,637-579-5010,Room 1514
Léonore,Knifton,ukniftone9@gnu.org,353-733-8149,PO Box 23600
Desirée,Kennler,skennlerea@dedecms.com,876-339-2875,7th Floor
Gaïa,Sandall,bsandalleb@mysql.com,503-153-4080,Suite 40
Méline,Rainey,sraineyec@simplemachines.org,266-541-4081,Room 1323
Björn,Issacof,bissacofed@google.it,653-474-1212,Room 1204
Cécilia,Aylett,daylettee@sun.com,413-176-2891,17th Floor
Andréanne,Yurtsev,lyurtsevef@woothemes.com,105-938-0091,Suite 38
Méng,Drever,adrevereg@histats.com,381-832-8099,PO Box 1783
Audréanne,Manoelli,wmanoellieh@google.cn,435-941-4854,PO Box 58814
Mélissandre,Kingzett,akingzettei@cafepress.com,709-258-7354,Room 935
Tú,Liquorish,wliquorishej@shinystat.com,260-202-6949,Apt 1734
Marylène,Reppaport,creppaportek@i2i.jp,656-652-4143,3rd Floor
Liè,Budge,lbudgeel@weibo.com,952-878-2194,3rd Floor
Stéphanie,Venes,dvenesem@arstechnica.com,550-816-0398,Apt 1728
Médiamass,Lumsdaine,jlumsdaineen@ning.com,523-276-9107,Room 101
Cléopatre,Oleksiak,coleksiakeo@pagesperso-orange.fr,695-559-9032,Room 1710
Stéphanie,Murkitt,cmurkittep@themeforest.net,420-981-5246,PO Box 97597
Salomé,Lammiman,tlammimaneq@phoca.cz,574-242-5450,Room 1027
Loïs,Sibthorp,msibthorper@taobao.com,108-412-7290,Apt 1586
Eléonore,Sterke,lsterkees@hexun.com,214-423-5875,Room 872
Célestine,Ledrane,cledraneet@stanford.edu,340-535-3663,PO Box 6309
André,Sparry,rsparryeu@csmonitor.com,214-843-5588,PO Box 19366
Crééz,McCaghan,pmccaghanev@wikipedia.org,775-916-0096,Suite 42
Björn,Faircliff,rfaircliffew@parallels.com,435-994-5324,Room 222
Faîtes,Harrowell,jharrowellex@moonfruit.com,103-402-7734,PO Box 77326
Léana,Neicho,oneichoey@eepurl.com,202-237-0628,PO Box 12491
Tú,Tomashov,atomashovez@barnesandnoble.com,326-178-5994,Apt 935
Görel,Arnot,jarnotf0@weather.com,936-244-7688,PO Box 42186
Mén,Altofts,taltoftsf1@xrea.com,711-484-4348,Room 881
Andréa,Gerling,dgerlingf2@printfriendly.com,771-915-7979,Suite 64
Géraldine,Liebermann,kliebermannf3@narod.ru,862-865-9395,Room 1900
Marie-noël,Jeaves,hjeavesf4@washington.edu,790-220-9008,Room 1771
Desirée,Seargeant,tseargeantf5@ed.gov,837-618-1817,Room 884
Lyséa,Potts,rpottsf6@bluehost.com,524-480-6314,Apt 540
Lucrèce,Monkton,nmonktonf7@vistaprint.com,604-577-8949,Room 438
Cécilia,Gookey,mgookeyf8@sourceforge.net,805-873-0910,20th Floor
Mélina,Salerg,dsalergf9@infoseek.co.jp,799-797-2787,PO Box 33566
Frédérique,Batrop,kbatropfa@shop-pro.jp,130-823-7323,Room 1695
Lauréna,Otto,eottofb@msu.edu,934-340-3904,Suite 67
Laurélie,Booeln,bbooelnfc@nationalgeographic.com,504-916-0092,17th Floor
Nuó,Bratt,cbrattfd@theglobeandmail.com,141-326-7695,Room 1403
Ráo,Wyles,cwylesfe@fda.gov,239-639-1912,4th Floor
Béatrice,Andrag,dandragff@cnet.com,327-320-8309,Apt 1925
Josée,Hoys,khoysfg@uiuc.edu,385-203-3042,16th Floor
Gisèle,Petyakov,cpetyakovfh@chicagotribune.com,588-875-1694,Suite 22
Stéphanie,Record,nrecordfi@stumbleupon.com,369-328-1627,11th Floor
Rachèle,July,ejulyfj@eepurl.com,716-140-3416,PO Box 8573
Dorothée,Clayden,cclaydenfk@arizona.edu,634-505-4961,Apt 105
Hélèna,Haps,ghapsfl@answers.com,995-872-6465,Room 767
Illustrée,Baldi,dbaldifm@photobucket.com,564-221-1051,PO Box 49748
Styrbjörn,Tuttle,jtuttlefn@who.int,630-828-8304,5th Floor
Maï,Snoxell,dsnoxellfo@mozilla.com,172-472-4568,Room 1116
Loïc,Cakebread,ncakebreadfp@mtv.com,981-506-8250,Apt 1811
Vénus,Doherty,tdohertyfq@msu.edu,627-145-6659,2nd Floor
Liè,Jouanot,ljouanotfr@psu.edu,915-600-8593,Suite 39
Andréanne,Gelderd,sgelderdfs@cocolog-nifty.com,110-627-3204,3rd Floor
Bérangère,Yarranton,eyarrantonft@simplemachines.org,125-540-5306,Apt 1115
Andrée,Rother,vrotherfu@about.me,535-177-1984,Apt 639
Loïc,Fensome,nfensomefv@reference.com,760-175-8288,Apt 1105
Bécassine,Dallon,hdallonfw@chronoengine.com,796-468-3433,PO Box 94655
Yóu,Gozzard,sgozzardfx@4shared.com,232-315-7181,Apt 1439
Eléonore,Blaszczynski,sblaszczynskify@prweb.com,664-184-6346,Apt 307
Andréanne,Soro,dsorofz@cdc.gov,810-748-7366,7th Floor
Loïs,Keirl,akeirlg0@furl.net,872-616-6938,Room 1599
Maïly,Wilce,gwilceg1@youtube.com,998-623-0908,Suite 69
Åke,Mc Carrick,rmccarrickg2@rakuten.co.jp,921-325-6272,Room 55
Léonore,Dunbobbin,sdunbobbing3@smugmug.com,649-172-4411,PO Box 54727
Sòng,Blackstone,pblackstoneg4@php.net,666-575-6149,Suite 42
Gisèle,Heine,pheineg5@e-recht24.de,539-575-0961,Room 1235
Amélie,Crosher,ecrosherg6@jugem.jp,189-710-7188,PO Box 92408
Marylène,Heeran,pheerang7@dot.gov,342-246-0333,PO Box 87266
Lorène,MacCleod,jmaccleodg8@istockphoto.com,566-374-6674,Apt 1910
Marie-françoise,Kupker,akupkerg9@miitbeian.gov.cn,811-733-4305,Suite 50
Vénus,Windley,nwindleyga@joomla.org,513-452-1015,Apt 1598
Naéva,Craddy,ocraddygb@comsenz.com,177-907-1314,20th Floor
Mégane,Rohloff,irohloffgc@youtu.be,199-816-9456,Apt 378
Anaé,Pilfold,dpilfoldgd@weather.com,274-159-6830,Suite 58
Lorène,Furminger,bfurmingerge@mayoclinic.com,477-707-0334,Suite 4
Eloïse,Imesson,dimessongf@soundcloud.com,381-169-2253,Apt 512
Méghane,Samweyes,psamweyesgg@opensource.org,386-637-1449,Apt 1776
Åslög,Scally,jscallygh@irs.gov,656-970-9197,Apt 286
Hélèna,Skill,sskillgi@tinypic.com,157-334-7854,Room 1519
Björn,Leys,bleysgj@yale.edu,695-186-8444,7th Floor
Mårten,Sickamore,nsickamoregk@imgur.com,201-945-3317,2nd Floor
Gisèle,Kain,skaingl@baidu.com,683-391-6564,Apt 89
Stévina,Bourcq,jbourcqgm@domainmarket.com,314-644-5097,Apt 1811
Marylène,de Almeida,kdealmeidagn@illinois.edu,282-806-5046,Apt 1923
Kévina,Salmen,bsalmengo@latimes.com,795-261-5191,PO Box 28440
Mélia,Khristoforov,vkhristoforovgp@dailymail.co.uk,933-216-1908,Apt 900
Clémence,De Rye Barrett,aderyebarrettgq@blinklist.com,943-636-4756,Apt 1689
Annotée,Andress,aandressgr@icq.com,201-946-4992,Room 1433
Gaëlle,Ginni,eginnigs@miibeian.gov.cn,514-790-1657,PO Box 67410
Cloé,Summerill,asummerillgt@japanpost.jp,373-393-9095,Apt 727
Lucrèce,Silverston,tsilverstongu@ning.com,474-961-5772,Apt 1445
Lyséa,Asplin,vasplingv@histats.com,286-520-4928,Room 1902
Gwenaëlle,Gainsbury,againsburygw@walmart.com,580-291-0099,Apt 613
Léonore,Lytton,tlyttongx@gnu.org,627-141-6134,4th Floor
Célestine,McGragh,smcgraghgy@slashdot.org,927-684-9061,Suite 54
Kallisté,Traviss,ctravissgz@lycos.com,827-224-6572,Suite 69
Thérèsa,Wakley,twakleyh0@hexun.com,979-414-2583,PO Box 22022
Maëlyss,Coskerry,ncoskerryh1@oracle.com,355-651-3576,17th Floor
Cécile,Chieco,schiecoh2@forbes.com,990-292-7783,19th Floor
Yáo,McCree,cmccreeh3@patch.com,811-264-8320,Suite 12
Görel,Beadle,mbeadleh4@wunderground.com,207-323-5630,Suite 96
Esbjörn,Gerleit,rgerleith5@netlog.com,433-456-3803,10th Floor
Åke,Lugton,clugtonh6@nyu.edu,320-362-1893,Suite 15
Geneviève,Brisbane,kbrisbaneh7@gravatar.com,983-878-7279,1st Floor
Måns,Gillman,ogillmanh8@mtv.com,819-147-2623,Room 77
Crééz,Mapis,mmapish9@a8.net,397-711-7218,16th Floor
Stévina,Buckler,ebucklerha@ihg.com,478-823-7736,Room 1723
Vénus,Crystal,jcrystalhb@friendfeed.com,466-368-8539,Apt 480
Eléonore,Paulsen,vpaulsenhc@go.com,874-628-1554,Room 1961
Kévina,McGaughie,bmcgaughiehd@is.gd,234-539-0961,Apt 954
Maëline,Granleese,sgranleesehe@photobucket.com,301-923-9838,Suite 47
Noëlla,Geaney,tgeaneyhf@howstuffworks.com,417-804-4811,PO Box 67881
Michèle,Dudderidge,ddudderidgehg@meetup.com,354-379-7256,Apt 216
Sòng,Ogers,logershh@goodreads.com,434-148-5744,14th Floor
Wá,Keith,rkeithhi@salon.com,454-577-9844,PO Box 3286
Célestine,Guppie,dguppiehj@census.gov,878-119-3118,Suite 25
Méline,Lindman,elindmanhk@independent.co.uk,207-581-2283,Room 818
Anaïs,Tollfree,gtollfreehl@netvibes.com,940-468-5656,PO Box 58096
Rébecca,Rabbe,crabbehm@desdev.cn,187-797-6927,PO Box 22289
Anaël,Ianilli,bianillihn@who.int,220-431-4619,Room 1243
Gwenaëlle,Ellerington,celleringtonho@bizjournals.com,232-172-2010,Apt 586
Solène,Goodsell,egoodsellhp@privacy.gov.au,951-293-7917,Room 1403
Séverine,Eastman,meastmanhq@ted.com,764-323-5269,Apt 601
Örjan,Neames,wneameshr@domainmarket.com,612-711-8540,PO Box 33044
Aloïs,Batteson,cbattesonhs@pen.io,145-823-8982,2nd Floor
Cécilia,Kings,dkingsht@weibo.com,675-195-2313,Suite 27
Yú,Mowbury,smowburyhu@disqus.com,343-446-3057,20th Floor
Méline,Adamkiewicz,madamkiewiczhv@sourceforge.net,742-578-3310,10th Floor
Andréa,Abbatt,pabbatthw@hao123.com,906-301-5444,18th Floor
Laïla,Scattergood,jscattergoodhx@dyndns.org,782-696-0768,Room 263
Lài,Wisam,cwisamhy@army.mil,992-792-7962,Suite 25
Yénora,Gawith,mgawithhz@mayoclinic.com,186-253-6628,Room 1674
Clélia,Corryer,tcorryeri0@qq.com,826-280-9839,15th Floor
Magdalène,Cleen,ccleeni1@g.co,183-502-8399,16th Floor
Faîtes,Wickling,zwicklingi2@cornell.edu,495-171-9823,Room 1875
Marie-hélène,Giorgiutti,mgiorgiuttii3@businessweek.com,359-182-2457,3rd Floor
Nélie,Eton,petoni4@yahoo.co.jp,822-628-0309,PO Box 81085
Illustrée,Lait,flaiti5@ox.ac.uk,960-552-4505,Suite 33
Océane,Duerden,jduerdeni6@free.fr,681-186-6282,Suite 8
Cléopatre,MacNeachtain,cmacneachtaini7@umich.edu,674-609-2389,18th Floor
Mégane,Lionel,slioneli8@ovh.net,269-141-8791,Apt 1928
Athéna,Biskupiak,nbiskupiaki9@go.com,225-105-2358,PO Box 61233
Miléna,Willcott,owillcottia@illinois.edu,294-298-4826,2nd Floor
Céline,Kipping,dkippingib@cnet.com,162-460-6265,2nd Floor
Gaïa,Kezourec,okezourecic@unesco.org,233-166-6050,PO Box 8225
Bérénice,Maylam,amaylamid@marketwatch.com,377-910-5036,Apt 1212
Illustrée,Searles,osearlesie@topsy.com,476-930-4409,5th Floor
Félicie,Gaydon,kgaydonif@bizjournals.com,728-896-4702,Room 1029
Frédérique,Colum,rcolumig@youtu.be,994-132-2866,PO Box 33466
Méryl,Stading,bstadingih@nifty.com,616-348-1990,13th Floor
Torbjörn,Rowsel,arowselii@surveymonkey.com,518-196-9161,Room 1536
Cloé,Chatan,lchatanij@ebay.com,114-146-5189,Suite 23
Chloé,Bransden,bbransdenik@netlog.com,926-538-7654,Apt 1184
Inès,Abramovic,oabramovicil@barnesandnoble.com,528-982-4399,PO Box 69108
Géraldine,Matthias,bmatthiasim@newsvine.com,592-340-5040,Room 496
Hélène,Duligall,mduligallin@mozilla.org,435-999-1904,Room 1695
Cléa,Dosdill,ldosdillio@prweb.com,491-420-2569,Suite 67
Anaël,Camacke,lcamackeip@vinaora.com,563-995-3260,8th Floor
Adèle,Whitham,awhithamiq@quantcast.com,327-701-1223,Apt 636
Örjan,Alexsandrev,nalexsandrevir@harvard.edu,330-580-3700,Apt 493
Nuó,Nayshe,gnaysheis@irs.gov,848-919-0832,Suite 35
Maëline,Torrejon,jtorrejonit@edublogs.org,243-662-4384,Room 227
Miléna,Hopewell,chopewelliu@umich.edu,600-392-4866,Apt 1478
Ruì,Mitchener,fmitcheneriv@newsvine.com,398-489-3268,Suite 59
André,Fenelon,ifeneloniw@imageshack.us,478-386-1050,Suite 17
Ophélie,Byrd,bbyrdix@jalbum.net,547-523-7260,Room 1233
Françoise,Sparke,esparkeiy@webmd.com,307-724-8272,Room 1410
Maëlle,Cassella,rcassellaiz@sciencedirect.com,220-821-9960,14th Floor
Maëlyss,Sinton,gsintonj0@cyberchimps.com,738-595-4823,Room 542
Åsa,Scintsbury,yscintsburyj1@toplist.cz,294-473-7432,Suite 97
Mélanie,MacGaughie,jmacgaughiej2@etsy.com,409-574-6372,7th Floor
Lóng,Danelet,mdaneletj3@jalbum.net,959-890-9900,Suite 92
Åke,Hartly,ihartlyj4@reverbnation.com,650-106-7027,PO Box 83421
Joséphine,Thornebarrow,cthornebarrowj5@nhs.uk,667-972-1315,PO Box 38022
Hélèna,Russ,hrussj6@chron.com,793-385-1957,PO Box 37070
Léane,Rubinsztein,mrubinszteinj7@sciencedirect.com,683-659-8646,Apt 903
Bécassine,Dy,adyj8@csmonitor.com,407-478-1322,Room 1903
Publicité,Howley,bhowleyj9@ocn.ne.jp,990-855-1210,14th Floor
Solène,Hodges,thodgesja@home.pl,370-578-5165,Apt 966
Anaël,Profit,dprofitjb@hp.com,224-584-7861,Suite 49
Maïwenn,Perrigo,jperrigojc@odnoklassniki.ru,849-169-5698,PO Box 27101
Valérie,Paradis,bparadisjd@clickbank.net,714-965-7601,PO Box 33992
Rachèle,Griffith,rgriffithje@ucoz.com,379-149-4313,Apt 607
Léonie,Kitchinham,bkitchinhamjf@4shared.com,100-990-0210,Room 683
Laurélie,Everil,geveriljg@bloglovin.com,233-787-9919,1st Floor
Eloïse,Nafziger,rnafzigerjh@t-online.de,743-165-2673,Suite 74
Crééz,Eggar,feggarji@hatena.ne.jp,253-745-0148,Room 1289
Mylène,Biernacki,hbiernackijj@indiegogo.com,146-650-5530,4th Floor
Clélia,Torbett,ptorbettjk@jimdo.com,834-211-0504,13th Floor
Uò,Clayworth,bclayworthjl@sciencedaily.com,577-302-5836,Room 1090
Laurène,Boick,sboickjm@dyndns.org,188-954-3785,Suite 35
Séverine,Pennoni,hpennonijn@seesaa.net,226-851-9459,Suite 46
Solène,Feltoe,dfeltoejo@amazon.co.jp,555-691-6211,15th Floor
Personnalisée,Minigo,aminigojp@washington.edu,349-617-9020,12th Floor
Inès,Hallworth,ghallworthjq@amazon.co.uk,176-925-7608,14th Floor
Athéna,Caplan,kcaplanjr@ucoz.com,278-266-3776,PO Box 36213
Maëlla,Schimon,oschimonjs@cnn.com,567-350-1456,PO Box 36433
Andréanne,Scawton,tscawtonjt@webnode.com,699-341-2370,Suite 35
Håkan,Birtley,cbirtleyju@theatlantic.com,490-577-2322,Room 1895
Angélique,Thomson,cthomsonjv@nba.com,767-925-6426,Apt 1535
Miléna,Sylvester,wsylvesterjw@4shared.com,282-553-3743,17th Floor
Réservés,Rozanski,erozanskijx@hc360.com,967-173-4808,17th Floor
Cléa,Wiffen,dwiffenjy@lulu.com,678-945-5916,Suite 83
Néhémie,Collelton,lcolleltonjz@netscape.com,892-936-6499,17th Floor
Dafnée,Longfield,clongfieldk0@topsy.com,955-555-2802,9th Floor
Görel,Shapland,ashaplandk1@engadget.com,162-116-7722,Room 1381
Françoise,Capelle,tcapellek2@va.gov,927-769-6362,PO Box 20780
Anaïs,Jackways,tjackwaysk3@answers.com,274-883-4428,Suite 39
Gösta,Sarjeant,isarjeantk4@ezinearticles.com,423-958-9827,PO Box 26283
Åslög,Gronaver,dgronaverk5@constantcontact.com,229-328-1223,Room 1528
Desirée,Akehurst,jakehurstk6@quantcast.com,660-846-8125,Apt 928
Noémie,Goodier,agoodierk7@goo.ne.jp,225-247-0664,6th Floor
Maïly,Lafaye,llafayek8@sourceforge.net,194-296-1320,1st Floor
Lorène,McGaugan,emcgaugank9@posterous.com,420-224-6563,6th Floor
Maëlys,Rhule,rrhuleka@blinklist.com,510-284-6642,PO Box 96396
Anaé,Grey,zgreykb@baidu.com,454-343-6898,PO Box 52254
Cunégonde,Bikker,sbikkerkc@patch.com,359-273-9648,Suite 15
Marie-ève,Proudley,bproudleykd@archive.org,606-115-7532,Suite 6
Crééz,Tonkinson,ltonkinsonke@columbia.edu,524-857-0902,PO Box 34356
Illustrée,Crossby,mcrossbykf@behance.net,979-785-3245,5th Floor
Béatrice,Shilito,dshilitokg@google.nl,202-293-2528,Apt 1427
Marie-ève,Benez,jbenezkh@wikispaces.com,804-754-3333,Suite 22
Médiamass,Tingle,etingleki@hhs.gov,273-635-2353,PO Box 13897
Gérald,Woodthorpe,zwoodthorpekj@com.com,174-131-7712,PO Box 94997
Célestine,Cristofolini,jcristofolinikk@paginegialle.it,592-739-7074,PO Box 28566
Maëlys,Bodleigh,lbodleighkl@blogspot.com,996-679-3057,PO Box 91173
Anaël,Tallach,gtallachkm@nps.gov,229-868-3664,Room 1342
Stévina,Perrott,nperrottkn@sciencedirect.com,631-290-7165,Apt 1329
Kallisté,Pinock,tpinockko@digg.com,364-369-4143,14th Floor
Desirée,Beacock,ibeacockkp@comsenz.com,934-140-9717,3rd Floor
Marie-françoise,Woolvin,hwoolvinkq@patch.com,165-823-0850,Room 1190
Marie-josée,Eller,bellerkr@live.com,979-363-0925,Room 612
Mélodie,Ulster,rulsterks@nbcnews.com,694-332-8654,4th Floor
Örjan,Boorne,rboornekt@cargocollective.com,569-463-7979,6th Floor
Clélia,Geipel,rgeipelku@prlog.org,644-235-1903,Room 1518
Mélodie,Hollyar,chollyarkv@usnews.com,918-164-0016,Apt 1037
Géraldine,Sisse,vsissekw@psu.edu,532-487-8158,Room 489
Lén,Verlander,tverlanderkx@behance.net,346-615-5781,Apt 1459
Séréna,Dobey,idobeyky@1688.com,940-720-3980,Room 1319
Pål,Beedle,bbeedlekz@webeden.co.uk,666-753-0762,PO Box 64624
Jú,Lerven,alervenl0@miibeian.gov.cn,534-788-8574,16th Floor
Pénélope,Cakes,ncakesl1@tripadvisor.com,428-810-2617,18th Floor
Naëlle,Cahani,hcahanil2@cdbaby.com,751-727-3775,PO Box 54574
Liè,Gaythorpe,sgaythorpel3@dot.gov,104-934-8395,Room 822
Méline,Otteridge,cotteridgel4@acquirethisname.com,268-331-5244,13th Floor
Anaé,Hendrix,chendrixl5@blog.com,927-614-3139,PO Box 95539
Danièle,Edinboro,redinborol6@google.de,843-538-1774,Apt 1273
Mélys,Ruddle,gruddlel7@blogtalkradio.com,855-685-6334,1st Floor
Maïté,Balleine,cballeinel8@naver.com,487-724-1646,Apt 616
Réservés,Dupree,rdupreel9@com.com,549-775-2186,Suite 98
Maëlyss,Kineton,akinetonla@thetimes.co.uk,318-983-3617,PO Box 31692
Cécilia,Verman,tvermanlb@wisc.edu,549-326-1715,Apt 121
Rachèle,Awcock,iawcocklc@cargocollective.com,124-200-4628,PO Box 99699
Océanne,Gutman,pgutmanld@mac.com,304-887-3948,Room 623
Ophélie,Kunneke,mkunnekele@buzzfeed.com,773-612-5998,16th Floor
Sòng,Semark,ksemarklf@yahoo.com,839-429-5493,Room 172
Pélagie,Langcaster,llangcasterlg@techcrunch.com,788-539-5300,PO Box 90227
Naëlle,Kleinerman,akleinermanlh@china.com.cn,910-401-0839,PO Box 97942
Kévina,Knolles-Green,kknollesgreenli@behance.net,643-893-2444,PO Box 14211
Félicie,Bartosch,hbartoschlj@vk.com,303-343-8926,Suite 62
Åsa,Gyves,jgyveslk@prnewswire.com,294-510-1891,Suite 72
Léana,Wycherley,bwycherleyll@rakuten.co.jp,129-996-5717,Apt 18
Mylène,Tunno,stunnolm@abc.net.au,443-554-2304,PO Box 432
Marlène,Lemarie,dlemarieln@icq.com,302-511-4171,Room 1627
Pénélope,Hows,khowslo@1688.com,693-301-0411,PO Box 57916
Méghane,Weed,fweedlp@dagondesign.com,832-498-5872,PO Box 18140
Dafnée,Kilmartin,akilmartinlq@abc.net.au,685-475-8255,Apt 1391
Ruì,Tailby,ftailbylr@hugedomains.com,211-460-4613,4th Floor
Célia,Osment,mosmentls@tripod.com,307-165-4795,Suite 76
Séverine,Matiasek,dmatiaseklt@parallels.com,764-614-8614,6th Floor
Alizée,Sprott,msprottlu@quantcast.com,889-550-8473,PO Box 31803
Marlène,Simonson,wsimonsonlv@who.int,419-456-7705,Apt 321
Annotée,McQuaid,tmcquaidlw@booking.com,843-541-7332,Suite 21
Cécilia,Yakolev,hyakolevlx@wsj.com,938-417-1092,Suite 12
Annotés,McCafferty,dmccaffertyly@redcross.org,524-814-1918,PO Box 41890
Rébecca,Abarough,tabaroughlz@ameblo.jp,712-742-7686,Suite 94
Clémence,Mincini,dmincinim0@ox.ac.uk,275-820-6488,Room 1228
Fèi,Bale,sbalem1@ehow.com,680-949-0750,Apt 967
Françoise,Fishley,gfishleym2@blogspot.com,327-804-9244,Room 1029
Méghane,Cisson,lcissonm3@webeden.co.uk,313-667-0021,Room 1752
Méryl,Mintrim,lmintrimm4@paypal.com,968-307-9442,PO Box 55300
Wá,Jell,djellm5@eepurl.com,156-121-3807,Suite 79
Gaétane,Linfield,llinfieldm6@dot.gov,900-126-5054,PO Box 57181
Wá,Lazarus,flazarusm7@tuttocitta.it,622-366-6334,Room 1962
Yú,cornhill,tcornhillm8@devhub.com,191-940-7174,PO Box 258
Jú,Attersoll,dattersollm9@ovh.net,295-712-7708,Room 267
Mélanie,Lantry,slantryma@symantec.com,770-244-4912,10th Floor
Yú,Trahair,atrahairmb@apple.com,712-250-0125,Room 651
Maïwenn,True,ntruemc@cafepress.com,789-677-2641,Apt 181
Réservés,Culkin,jculkinmd@youku.com,112-617-4969,19th Floor
Noëlla,Leftly,jleftlyme@nih.gov,478-682-8385,20th Floor
Alizée,Beningfield,mbeningfieldmf@odnoklassniki.ru,426-891-0203,Apt 682
Aurélie,Foli,ffolimg@elpais.com,766-654-4684,PO Box 39132
Maïté,Sines,rsinesmh@businessinsider.com,269-254-1833,Apt 912
Clémentine,Vogele,mvogelemi@washingtonpost.com,945-648-6341,Apt 423
Renée,Toxell,ftoxellmj@tamu.edu,648-175-2835,3rd Floor
Ráo,Parr,sparrmk@yelp.com,475-982-4788,Suite 29
Méng,Hoston,ihostonml@mysql.com,492-208-9620,Suite 1
Gaëlle,Cass,lcassmm@fc2.com,106-557-8572,4th Floor
Lèi,Witherow,lwitherowmn@scribd.com,895-482-5541,Suite 12
Anaïs,Geipel,ageipelmo@reuters.com,584-157-2854,PO Box 38552
Gisèle,Gaitskell,vgaitskellmp@about.me,452-297-1013,Suite 84
Marie-thérèse,Jessopp,ljessoppmq@huffingtonpost.com,250-181-1125,3rd Floor
Geneviève,Iianon,siianonmr@histats.com,291-543-3060,Suite 55
Kallisté,Gutierrez,fgutierrezms@linkedin.com,355-557-0650,Room 708
Hélène,Mattingly,dmattinglymt@about.me,725-337-9701,Room 843
Yú,Terrans,aterransmu@google.com.br,278-752-8943,Room 1502
Hélène,Siemantel,msiemantelmv@prlog.org,311-101-2290,PO Box 21395
Daphnée,Burgoine,lburgoinemw@taobao.com,268-351-5452,Apt 1645
Eugénie,Bettlestone,cbettlestonemx@independent.co.uk,803-714-2383,Suite 27
Adélie,Commucci,lcommuccimy@eventbrite.com,623-516-3131,Room 1025
Méline,Codrington,dcodringtonmz@dedecms.com,752-760-2007,PO Box 34554
Cécile,Guinnane,cguinnanen0@yale.edu,972-874-6208,15th Floor
Françoise,Figurski,pfigurskin1@google.ca,296-689-7943,Room 1480
Pénélope,McGoon,kmcgoonn2@patch.com,179-815-0379,19th Floor
Geneviève,Duchateau,dduchateaun3@phoca.cz,892-916-7946,Apt 1427
Chloé,McGroarty,bmcgroartyn4@shutterfly.com,253-380-7942,Suite 88
Cléa,Allington,wallingtonn5@tumblr.com,565-122-8555,Suite 90
Salomé,Longmaid,mlongmaidn6@fotki.com,315-190-2929,Apt 1441
Ruì,Hanshaw,dhanshawn7@amazon.co.jp,422-182-8570,PO Box 70191
Börje,Iacavone,riacavonen8@woothemes.com,486-667-6412,Suite 55
Mahélie,Laurenceau,rlaurenceaun9@shinystat.com,807-592-2457,Room 1847
Marie-thérèse,Avramovsky,zavramovskyna@businessinsider.com,846-959-4420,PO Box 29209
Mélinda,Nucciotti,cnucciottinb@instagram.com,293-341-7919,Room 1195
Léone,Kalkofer,fkalkofernc@exblog.jp,404-345-6144,Suite 89
Ruì,Benza,xbenzand@webeden.co.uk,996-695-9868,Room 599
Kuí,Troyes,atroyesne@studiopress.com,187-597-5090,Room 1438
Crééz,Tedman,ptedmannf@squarespace.com,800-954-6523,8th Floor
André,Sapson,msapsonng@europa.eu,719-326-2772,Apt 327
Audréanne,Jeratt,cjerattnh@gov.uk,285-301-3914,Apt 1960
Estève,Ridgers,gridgersni@java.com,334-139-8941,Suite 79
Cécile,Yvens,kyvensnj@gizmodo.com,491-774-5373,Suite 47
Solène,Sandbrook,asandbrooknk@usnews.com,914-786-3080,Room 1489
Rachèle,Stuke,rstukenl@domainmarket.com,693-385-9998,Apt 62
Dà,Cicchitello,mcicchitellonm@ibm.com,437-181-2668,Suite 41
Dù,Della,edellann@un.org,696-676-0360,1st Floor
Aí,Bent,bbentno@washington.edu,954-586-7264,Suite 84
Josée,Parsand,aparsandnp@dailymail.co.uk,658-202-2166,Apt 965
Håkan,Lydiate,alydiatenq@fema.gov,509-800-6018,11th Floor
Maëline,Harradence,dharradencenr@zdnet.com,931-780-6946,Suite 26
Annotés,Dumblton,mdumbltonns@mashable.com,714-274-8245,PO Box 18381
Andréa,Newcomen,lnewcomennt@canalblog.com,445-991-5637,Apt 1160
Stévina,Kennifick,fkennificknu@vistaprint.com,517-360-9931,Apt 1916
Andrée,Klimczak,dklimczaknv@netlog.com,224-827-3977,Suite 59
Tú,Benedicte,tbenedictenw@canalblog.com,517-229-3469,PO Box 85238
Irène,Lockley,slockleynx@eepurl.com,304-104-1869,Apt 1369
Mylène,Synnot,asynnotny@4shared.com,133-405-8324,PO Box 90685
Irène,Rasper,araspernz@jimdo.com,895-727-1453,12th Floor
Esbjörn,Heeney,nheeneyo0@mapy.cz,432-249-3472,1st Floor
Ophélie,Skeene,tskeeneo1@dell.com,515-431-9563,16th Floor
Célia,Spenceley,sspenceleyo2@printfriendly.com,436-410-4895,Room 194
Geneviève,Wherton,hwhertono3@home.pl,822-314-1179,Suite 88
Cécile,Seivwright,tseivwrighto4@cbslocal.com,860-900-1474,Suite 50
Séverine,Cowlam,acowlamo5@yellowbook.com,139-772-9332,Room 1351
Eugénie,Crother,mcrothero6@wordpress.org,855-434-8637,5th Floor
Mylène,Zukerman,nzukermano7@un.org,830-612-1414,Room 112
Laurène,Wroe,awroeo8@livejournal.com,294-771-8192,Suite 62
Stévina,Messruther,smessruthero9@chron.com,396-314-8896,PO Box 12390
Märta,Aindrais,daindraisoa@privacy.gov.au,256-483-4843,18th Floor
Maëlyss,Kynder,dkynderob@wikia.com,426-585-2205,PO Box 69472
Inès,Lindley,rlindleyoc@rakuten.co.jp,140-680-9375,18th Floor
Réjane,Dudney,adudneyod@merriam-webster.com,565-550-3398,PO Box 26102
Loïca,Mark,kmarkoe@jigsy.com,353-727-4375,Room 231
Vérane,Mustoo,emustooof@purevolume.com,747-372-8647,12th Floor
Göran,Kopec,kkopecog@dell.com,202-203-2956,Room 929
Lài,Hurle,mhurleoh@aboutads.info,783-177-5899,Suite 38
Angèle,Perl,nperloi@ycombinator.com,182-850-5289,Suite 23
Mylène,Tripony,etriponyoj@google.com.au,285-244-1118,PO Box 97432
Yè,Nunnery,tnunneryok@stumbleupon.com,435-940-6257,PO Box 34234
Anaé,Balstone,rbalstoneol@apache.org,498-671-2235,Suite 46
Marlène,Nelsen,cnelsenom@friendfeed.com,297-814-5104,PO Box 11765
Cunégonde,Antoniewski,aantoniewskion@hao123.com,626-874-7429,8th Floor
Camélia,Norwich,lnorwichoo@businesswire.com,646-891-2450,PO Box 3153
Naéva,Steptowe,msteptoweop@yahoo.com,221-721-0857,PO Box 59099
Léane,Roubottom,nroubottomoq@ezinearticles.com,741-909-2362,Room 636
Maëlle,Gerhardt,ggerhardtor@mozilla.com,253-723-8904,Room 735
Valérie,Sanbrooke,hsanbrookeos@ihg.com,402-186-4925,Apt 726
Daphnée,Yuille,myuilleot@msu.edu,544-531-5567,Apt 999
Tán,Readshaw,creadshawou@networksolutions.com,392-589-5864,6th Floor
Médiamass,Gianetti,mgianettiov@mozilla.com,175-464-1129,Apt 1252
Märta,Kobsch,dkobschow@xrea.com,280-321-3604,14th Floor
Céline,Sutworth,msutworthox@yandex.ru,143-115-2033,Suite 9
Publicité,Glancy,pglancyoy@unblog.fr,988-337-0032,Suite 74
Ruì,Kuhlmey,tkuhlmeyoz@time.com,978-248-9269,Room 740
Céline,Di Ruggero,pdiruggerop0@squarespace.com,537-269-3324,PO Box 73575
Séréna,Ryder,yryderp1@usa.gov,429-846-6390,Room 1239
Anaé,Reubens,areubensp2@theglobeandmail.com,172-947-3965,Apt 41
Loïs,Junkin,bjunkinp3@businessinsider.com,614-796-2915,Room 669
Eugénie,Roscoe,proscoep4@parallels.com,505-889-4318,PO Box 3287
Françoise,McCreery,hmccreeryp5@about.me,658-477-9039,10th Floor
Kù,Daniaud,jdaniaudp6@unicef.org,345-212-2183,Room 901
Mà,Heigl,lheiglp7@rakuten.co.jp,756-917-4025,11th Floor
Pò,Sawforde,msawfordep8@adobe.com,759-808-5579,Apt 1291
Östen,Fearneley,bfearneleyp9@yandex.ru,266-987-4939,PO Box 66146
Thérèse,Urian,surianpa@cocolog-nifty.com,632-114-6772,Room 1429
Pénélope,Endicott,kendicottpb@soundcloud.com,345-749-5791,Room 615
Björn,Christian,schristianpc@blogger.com,401-178-3788,8th Floor
Erwéi,Jemmett,wjemmettpd@va.gov,268-123-9988,Apt 823
Thérèsa,Heakey,dheakeype@sun.com,550-633-8613,Suite 84
Måns,Twidell,atwidellpf@businessinsider.com,298-426-9535,Suite 87
Annotés,Mallinar,rmallinarpg@w3.org,359-176-8634,PO Box 98921
Cléopatre,Blackmore,cblackmoreph@google.cn,775-340-2100,Suite 65
Adèle,Niesing,aniesingpi@adobe.com,351-371-6654,Suite 70
Mén,Bickerstasse,wbickerstassepj@ow.ly,678-253-4172,5th Floor
Mélinda,Mulcaster,rmulcasterpk@state.gov,621-259-8081,Apt 731
Bérénice,St. Quintin,mstquintinpl@mayoclinic.com,119-563-9756,PO Box 8818
Ophélie,MacShane,cmacshanepm@sitemeter.com,949-343-4087,Room 974
Chloé,Runham,crunhampn@usda.gov,830-373-5316,1st Floor
Desirée,Douthwaite,jdouthwaitepo@phpbb.com,155-163-6178,Suite 80
Maëlys,Whyffen,awhyffenpp@chicagotribune.com,999-483-6392,Suite 94
Maëlys,Perrycost,mperrycostpq@digg.com,443-249-9565,PO Box 11115
Océane,Sudron,asudronpr@cmu.edu,230-156-6795,8th Floor
Märta,Corro,dcorrops@tripod.com,899-403-2935,Suite 53
Hélèna,Skey,askeypt@google.es,374-593-1241,PO Box 90328
Nadège,Ferrarello,aferrarellopu@omniture.com,159-615-2684,Room 630
Rachèle,Drinkall,tdrinkallpv@fda.gov,153-781-3602,Apt 1181
Hélèna,Larmour,alarmourpw@sfgate.com,796-874-7784,Room 45
Régine,Cattlemull,fcattlemullpx@aol.com,287-293-0164,Apt 1738
Anaëlle,Waplinton,cwaplintonpy@blogspot.com,410-349-4499,Suite 32
Yáo,Pittwood,jpittwoodpz@marriott.com,795-179-9125,Suite 2
Yè,Oylett,aoylettq0@tripod.com,321-602-1176,PO Box 18452
Léonie,Clinton,sclintonq1@360.cn,348-328-1580,PO Box 56387
Rachèle,Kivlehan,ckivlehanq2@geocities.jp,751-748-7125,3rd Floor
Noëlla,Ledrun,mledrunq3@nsw.gov.au,198-801-2920,Room 957
Yè,Ewings,lewingsq4@reference.com,575-898-1743,Suite 66
Marylène,Vedntyev,nvedntyevq5@seesaa.net,324-680-2741,Apt 1600
Séréna,Gosney,kgosneyq6@hatena.ne.jp,977-632-6481,Room 1287
Inès,O'Regan,yoreganq7@tuttocitta.it,461-608-6009,Suite 28
Marie-josée,Antonutti,eantonuttiq8@paginegialle.it,557-379-5819,Apt 932
Tán,Leven,tlevenq9@amazonaws.com,275-800-3340,PO Box 16126
Erwéi,Kiddey,lkiddeyqa@ask.com,866-987-5219,Room 8
Audréanne,Keets,pkeetsqb@google.co.jp,780-572-8703,11th Floor
Kévina,Briggdale,kbriggdaleqc@gov.uk,232-545-1457,Apt 86
Åke,Farnham,nfarnhamqd@privacy.gov.au,427-992-7270,Apt 1337
Åke,Walkling,pwalklingqe@biglobe.ne.jp,574-788-3475,PO Box 25648
Aí,Francklyn,tfrancklynqf@theglobeandmail.com,487-395-7226,Apt 1995
Aí,Lyddy,slyddyqg@theguardian.com,235-771-5869,14th Floor
Yú,Runnett,nrunnettqh@elegantthemes.com,325-128-0851,Apt 408
Océanne,Scandrett,sscandrettqi@oaic.gov.au,811-651-4163,Apt 1019
Hélène,Bruno,cbrunoqj@edublogs.org,878-180-1117,Room 157
Yú,Pimerick,cpimerickqk@rakuten.co.jp,516-864-8143,PO Box 70718
Léonie,Hedney,ehedneyql@barnesandnoble.com,450-536-7680,PO Box 6696
Lài,Ormerod,gormerodqm@netlog.com,405-743-6184,12th Floor
Anaëlle,Yorath,cyorathqn@dyndns.org,556-612-1268,PO Box 23830
Andréanne,McCaffrey,lmccaffreyqo@indiatimes.com,429-185-4911,PO Box 52988
Östen,Carlsson,mcarlssonqp@1und1.de,265-563-6199,PO Box 43066
Médiamass,Lambard,tlambardqq@umich.edu,798-883-8229,Room 1516
Intéressant,Liffey,cliffeyqr@baidu.com,451-121-9664,Room 1744
Eliès,Cotta,pcottaqs@theatlantic.com,189-699-7363,PO Box 75946
Aí,Bernt,cberntqt@sogou.com,767-743-3259,Suite 83
Maïlis,Kill,rkillqu@who.int,500-240-7080,7th Floor
Vénus,Wiggam,mwiggamqv@reverbnation.com,440-390-1914,Room 1381
Crééz,Borman,nbormanqw@eepurl.com,407-519-3247,Apt 1534
Yáo,Bownas,gbownasqx@elegantthemes.com,254-869-2085,PO Box 82426
Marie-françoise,Cianni,jcianniqy@walmart.com,778-322-1325,Room 152
Maïlys,Hagland,lhaglandqz@comcast.net,152-531-3851,Suite 84
Uò,Beaman,ibeamanr0@behance.net,292-399-7217,Apt 713
Loïc,Stallybrass,dstallybrassr1@ucsd.edu,477-349-2698,Apt 1678
Lauréna,Fleet,dfleetr2@foxnews.com,680-634-6169,Suite 17
Nadège,Morgue,mmorguer3@theatlantic.com,525-733-0984,Apt 1180
Océane,Bein,dbeinr4@pbs.org,301-156-7625,Suite 50
Marie-françoise,Gurr,sgurrr5@phoca.cz,891-413-4374,Apt 942
Andrée,Joselevitz,ljoselevitzr6@exblog.jp,445-764-0906,17th Floor
Gisèle,Weekes,bweekesr7@oaic.gov.au,631-867-5743,Apt 216
Publicité,Kempton,tkemptonr8@gravatar.com,683-677-4702,Room 1038
Yè,Grenfell,fgrenfellr9@wordpress.com,700-274-7337,Suite 52
Célestine,Ashling,rashlingra@mysql.com,659-208-8022,PO Box 93156
Marie-ève,Towersey,ptowerseyrb@engadget.com,924-653-5252,Room 184
Lucrèce,Ballsdon,bballsdonrc@skype.com,193-540-2520,17th Floor
Yè,McGrorty,jmcgrortyrd@gnu.org,380-963-4779,PO Box 44163
Maëlle,Stanislaw,wstanislawre@desdev.cn,945-798-4166,Room 943
Méline,Muldrew,bmuldrewrf@freewebs.com,462-998-3455,Room 1685
Angèle,Jaycock,ajaycockrg@godaddy.com,643-634-3350,Room 514
Dà,Ivantsov,sivantsovrh@quantcast.com,351-877-7511,Suite 46
Inès,Delafoy,ndelafoyri@wunderground.com,892-568-9646,Room 1374
Zoé,Stoller,cstollerrj@merriam-webster.com,303-261-0383,Room 1154
Mélys,Dyster,kdysterrk@businessweek.com,693-617-4108,6th Floor
Gaétane,Ponde,nponderl@paginegialle.it,409-911-9331,Room 322
Joséphine,Clapson,aclapsonrm@jimdo.com,312-442-0070,PO Box 26856
Mélina,Argue,karguern@goodreads.com,935-505-1870,Apt 655
Annotés,Jeffcoate,rjeffcoatero@google.com.br,836-186-8738,Suite 13
Mà,Giacopelo,sgiacopelorp@nih.gov,876-547-9776,PO Box 11248
Daphnée,Talloe,ctalloerq@marriott.com,786-527-3840,PO Box 7153
Irène,Van Vuuren,lvanvuurenrr@ox.ac.uk,755-601-3449,Room 681
