id,First Name,Last Name,Email,Phone,Address
1,Claudell,Wicher,cwicher0@mapy.cz,493-631-5590,Apt 1953
2,Nara,Eykelbosch,neykelbosch1@4shared.com,937-555-8997,Apt 1617
3,Neville,Mellem,nmellem2@sfgate.com,288-990-0320,4th Floor
4,Gracia,Nobriga,gnobriga3@moonfruit.com,460-358-0267,Apt 456
5,Egbert,Claridge,eclaridge4@google.com.hk,635-886-4554,Suite 34
6,Oby,Nunns,onunns5@mapquest.com,389-714-1458,PO Box 2152
7,Irv,Dainty,idainty6@canalblog.com,183-271-2182,Room 468
8,Arnoldo,Aves,aaves7@nih.gov,452-267-6148,Apt 1278
9,Leonelle,Causnett,lcausnett8@mozilla.com,943-555-1838,Suite 70
10,Chlo,Macey,cmacey9@123-reg.co.uk,495-202-2651,14th Floor
11,Moll,Ortas,mortasa@imageshack.us,441-625-8810,Suite 12
12,Hermina,Lowde,hlowdeb@upenn.edu,468-851-6312,PO Box 55957
13,Douglas,Walthall,dwalthallc@issuu.com,954-968-4243,PO Box 23053
14,Ursulina,McDougal,umcdougald@lycos.com,318-827-1158,Room 812
15,Franklin,Hailston,fhailstone@behance.net,606-977-8127,PO Box 24036
16,Lothario,Coopey,lcoopeyf@whitehouse.gov,315-379-5382,Room 865
17,Clara,Cavie,ccavieg@xrea.com,807-959-3449,Room 953
18,Maurise,Ellams,mellamsh@ehow.com,329-114-5026,13th Floor
19,Rikki,Guilloneau,rguilloneaui@army.mil,412-620-2743,7th Floor
20,Sharlene,Macy,smacyj@deviantart.com,449-149-4562,Apt 842
21,Lucinda,Abeau,labeauk@myspace.com,671-174-8341,Suite 16
22,Rosene,Korn,rkornl@kickstarter.com,821-457-1406,Apt 1239
23,Bradan,Symers,bsymersm@hhs.gov,169-498-9697,Apt 1985
24,Shurlock,Knibb,sknibbn@springer.com,162-901-5924,7th Floor
25,Jolee,Bleackly,jbleacklyo@bbc.co.uk,464-470-8493,20th Floor
26,Lora,Chellenham,lchellenhamp@auda.org.au,968-953-8406,20th Floor
27,Jilleen,Edgcumbe,jedgcumbeq@reference.com,581-913-7173,Room 125
28,Abraham,Hoyer,ahoyerr@jugem.jp,125-421-3506,Suite 42
29,Ainslee,Speaks,aspeakss@slate.com,913-984-3906,Apt 1125
30,Caressa,Grealy,cgrealyt@cornell.edu,445-776-3154,Suite 23
31,Kippie,Chree,kchreeu@forbes.com,492-832-9830,11th Floor
32,Isobel,Valeri,ivaleriv@tinyurl.com,337-117-2645,PO Box 6973
33,Catherine,Arpur,carpurw@cbc.ca,828-124-9551,PO Box 58882
34,Hamid,Aves,havesx@disqus.com,531-419-1062,Suite 71
35,Evy,Laurant,elauranty@home.pl,207-268-4153,Suite 28
36,Ingamar,Burley,iburleyz@hc360.com,562-832-7408,PO Box 13305
37,Roselin,McAleese,rmcaleese10@wunderground.com,657-239-8986,Room 868
38,Rodolfo,Canadine,rcanadine11@ucsd.edu,553-144-4995,Suite 54
39,Waldo,Burchess,wburchess12@mit.edu,837-360-8022,PO Box 48578
40,Milt,Roy,mroy13@state.gov,792-908-0144,Apt 1609
41,Irina,Tivolier,itivolier14@ca.gov,914-634-9830,PO Box 30907
42,Kimmy,Andrichuk,kandrichuk15@shutterfly.com,441-551-4776,Suite 14
43,Cesaro,Cutford,ccutford16@so-net.ne.jp,903-157-4269,Apt 1649
44,Bradan,Porson,bporson17@boston.com,893-725-8835,PO Box 21040
45,Tiffy,Coneley,tconeley18@i2i.jp,270-717-6525,Suite 26
46,Jo-ann,Dizlie,jdizlie19@upenn.edu,455-107-5117,PO Box 58101
47,Vernen,Miklem,vmiklem1a@dailymail.co.uk,155-577-8904,Apt 1261
48,Brucie,Draye,bdraye1b@noaa.gov,530-579-0671,Room 1034
49,Cordie,Coombs,ccoombs1c@ucsd.edu,887-182-8561,PO Box 40046
50,Pansie,Vlasenkov,pvlasenkov1d@artisteer.com,957-269-6598,Apt 868
51,Daisi,Isaacson,disaacson1e@addtoany.com,790-609-8648,PO Box 6737
52,Devon,Provost,dprovost1f@shinystat.com,861-696-7735,1st Floor
53,Matty,Linton,mlinton1g@ehow.com,487-348-3861,7th Floor
54,Barrie,Topliss,btopliss1h@i2i.jp,635-248-8249,19th Floor
55,Gabi,Leyre,gleyre1i@themeforest.net,517-650-8547,10th Floor
56,Sharai,Arnald,sarnald1j@google.ru,511-826-8141,Suite 2
57,Lancelot,Rabjohns,lrabjohns1k@mtv.com,784-408-7385,Room 429
58,Sadie,Muro,smuro1l@google.nl,111-813-5501,Apt 833
59,Langston,Collelton,lcollelton1m@apple.com,741-601-6503,Suite 48
60,Denys,Kensit,dkensit1n@oakley.com,823-427-9259,PO Box 93461
61,Edmund,Gossop,egossop1o@e-recht24.de,214-456-7387,PO Box 52046
62,Brit,Iban,biban1p@blogspot.com,678-565-8547,Room 1893
63,Sam,Shawley,sshawley1q@nbcnews.com,898-310-9966,Suite 35
64,Mikael,Geraldo,mgeraldo1r@prnewswire.com,677-215-8356,2nd Floor
65,Zahara,Pea,zpea1s@oracle.com,943-608-6241,Apt 478
66,Gerome,Lucia,glucia1t@homestead.com,621-480-5910,PO Box 90212
67,Isadora,Antal,iantal1u@usatoday.com,832-389-3089,3rd Floor
68,Constanta,Bridden,cbridden1v@guardian.co.uk,727-713-4902,9th Floor
69,Rozele,Mityushkin,rmityushkin1w@liveinternet.ru,605-182-0497,PO Box 68741
70,Hulda,Rosengarten,hrosengarten1x@dmoz.org,927-796-8601,Apt 1315
71,Hilda,Mosco,hmosco1y@stumbleupon.com,177-108-4204,Room 123
72,Dame,Philipard,dphilipard1z@prnewswire.com,240-925-6914,10th Floor
73,Jo ann,Colclough,jcolclough20@cdbaby.com,280-726-0330,4th Floor
74,Cordi,Hiscocks,chiscocks21@msn.com,313-892-9087,Room 1628
75,Yulma,Hampshire,yhampshire22@sun.com,397-329-4588,1st Floor
76,Phineas,Bleything,pbleything23@epa.gov,755-557-5023,Suite 30
77,Lucina,Cod,lcod24@biblegateway.com,593-982-1523,5th Floor
78,Ileane,Dovington,idovington25@tinyurl.com,415-603-2113,Apt 495
79,Orsola,Stanborough,ostanborough26@netlog.com,165-855-8120,Room 565
80,Celesta,Luckman,cluckman27@nyu.edu,960-451-0026,Suite 70
81,Celie,Belfitt,cbelfitt28@ihg.com,155-690-4900,Suite 45
82,Boony,Pudsey,bpudsey29@who.int,845-518-2157,Room 605
83,Angele,Karpe,akarpe2a@state.tx.us,294-869-0444,Room 937
84,Gaston,Dukes,gdukes2b@cpanel.net,973-397-3221,PO Box 97467
85,Yance,Skep,yskep2c@engadget.com,650-922-2078,PO Box 98877
86,Packston,Sanbrooke,psanbrooke2d@zdnet.com,743-971-2822,Suite 44
87,Retha,Sergison,rsergison2e@redcross.org,306-294-4712,PO Box 73905
88,Chad,Brayford,cbrayford2f@acquirethisname.com,703-205-2404,Suite 89
89,Templeton,Bridges,tbridges2g@irs.gov,990-107-9546,Room 618
90,Rosabel,Kenrat,rkenrat2h@123-reg.co.uk,377-250-7186,Room 1508
91,Lana,McKeever,lmckeever2i@paginegialle.it,134-424-6151,Apt 1828
92,Waly,Guilder,wguilder2j@unc.edu,384-658-5903,Room 13
93,Barbara,Ramshay,bramshay2k@domainmarket.com,102-273-8512,PO Box 92639
94,Lynett,Rubin,lrubin2l@zimbio.com,305-187-0028,Apt 902
95,Mariellen,Firbanks,mfirbanks2m@clickbank.net,956-836-8081,Suite 3
96,Libby,Murden,lmurden2n@bloomberg.com,549-464-0002,11th Floor
97,Olvan,Fitzsimon,ofitzsimon2o@europa.eu,257-657-7369,13th Floor
98,Dolph,Dahle,ddahle2p@salon.com,513-986-9380,9th Floor
99,Gilbertine,Skellington,gskellington2q@seesaa.net,885-957-5048,Room 943
100,Leslie,Friel,lfriel2r@wired.com,819-840-9643,Room 630
101,Lew,Stewart,lstewart2s@google.nl,186-313-1647,18th Floor
102,Rubin,Davsley,rdavsley2t@squarespace.com,364-808-0811,Suite 38
103,Fidole,Bapty,fbapty2u@yolasite.com,617-678-7694,Suite 5
104,Eveleen,Roslen,eroslen2v@cdc.gov,620-446-8400,Suite 42
105,Arny,Popplewell,apopplewell2w@webs.com,752-442-4453,PO Box 54088
106,Meaghan,McCarlie,mmccarlie2x@nytimes.com,980-681-8449,PO Box 15731
107,Ange,Crang,acrang2y@biblegateway.com,856-102-6231,Suite 58
108,Xerxes,Vassel,xvassel2z@eepurl.com,767-872-8265,PO Box 50675
109,Willis,Berthelmot,wberthelmot30@salon.com,798-651-9895,19th Floor
110,Karna,Zanicchi,kzanicchi31@angelfire.com,656-724-2475,Suite 66
111,Raddie,Braunle,rbraunle32@networksolutions.com,631-879-1853,PO Box 1557
112,Leonid,Lamming,llamming33@netlog.com,132-104-2942,Apt 1088
113,Kelvin,Wingrove,kwingrove34@123-reg.co.uk,379-211-3868,6th Floor
114,Janey,Roadnight,jroadnight35@addthis.com,699-199-4155,2nd Floor
115,Adrea,Byllam,abyllam36@imageshack.us,537-280-1471,14th Floor
116,Fran,Di Biasio,fdibiasio37@seesaa.net,165-738-0799,Apt 1159
117,Brittany,Tyrie,btyrie38@youku.com,505-742-7056,Suite 77
118,Willetta,Hambling,whambling39@usa.gov,840-858-3265,Apt 496
119,Judi,Braunes,jbraunes3a@gravatar.com,525-866-6240,Suite 75
120,Laurens,Simpole,lsimpole3b@army.mil,394-926-0050,Apt 1206
121,Kettie,Bambrough,kbambrough3c@nydailynews.com,905-923-3995,Suite 47
122,Scarlet,Scandrett,sscandrett3d@ucoz.com,555-309-1982,16th Floor
123,Arlette,Piolli,apiolli3e@washington.edu,532-743-8936,Apt 396
124,Codi,Pinchin,cpinchin3f@apple.com,370-871-8961,PO Box 70865
125,Manda,Shapcott,mshapcott3g@pbs.org,991-695-3321,Apt 22
126,Sam,Coopey,scoopey3h@ebay.co.uk,241-512-1877,Suite 67
127,Celestina,Pittson,cpittson3i@chicagotribune.com,678-563-6015,PO Box 19729
128,Dina,Hugues,dhugues3j@dagondesign.com,998-192-0458,PO Box 99988
129,Mirabel,Guice,mguice3k@soundcloud.com,129-626-2069,3rd Floor
130,Frederich,Blackstock,fblackstock3l@behance.net,482-470-2082,Apt 646
131,Lilllie,Jevons,ljevons3m@clickbank.net,369-339-9440,Room 1188
132,Ebony,Tumulty,etumulty3n@ucsd.edu,799-179-6459,9th Floor
133,Danyette,Lugard,dlugard3o@qq.com,933-831-4614,Apt 826
134,Wiley,Eberts,weberts3p@vimeo.com,836-600-1105,Room 1079
135,Bruno,Liddall,bliddall3q@macromedia.com,925-400-7142,Room 694
136,Charmion,Wilman,cwilman3r@nydailynews.com,944-929-6924,Apt 1729
137,Phaedra,Haryngton,pharyngton3s@ameblo.jp,398-824-1566,Suite 51
138,Yetty,Whittenbury,ywhittenbury3t@list-manage.com,937-817-1133,Suite 56
139,Padraic,MacFadzean,pmacfadzean3u@xing.com,345-254-8380,3rd Floor
140,Granthem,Maypother,gmaypother3v@tripod.com,877-187-1857,17th Floor
141,Berti,Alderwick,balderwick3w@rambler.ru,789-161-2325,PO Box 16061
142,Berty,Womersley,bwomersley3x@naver.com,642-942-8217,PO Box 25758
143,Carlo,Bromont,cbromont3y@cloudflare.com,507-181-8214,Suite 65
144,Bradley,Ahmed,bahmed3z@cdc.gov,563-786-4669,PO Box 12229
145,Gerry,Romayne,gromayne40@a8.net,554-740-8115,Apt 76
146,Haily,Tedridge,htedridge41@omniture.com,908-904-1935,Suite 13
147,Chandra,Dove,cdove42@businessinsider.com,485-826-0434,1st Floor
148,Llywellyn,Tibbs,ltibbs43@sphinn.com,960-446-3435,Apt 512
149,Olympe,Dixcey,odixcey44@feedburner.com,770-802-7442,Apt 456
150,Fina,Scuse,fscuse45@harvard.edu,862-754-9704,Apt 1837
151,Orin,Boulds,oboulds46@ft.com,999-922-8052,Suite 34
152,Ailsun,Snoding,asnoding47@vk.com,198-360-8590,Apt 599
153,Blake,Pride,bpride48@netvibes.com,700-130-1880,Suite 64
154,Gui,MacCumiskey,gmaccumiskey49@icq.com,708-303-4456,9th Floor
155,Patsy,De la Harpe,pdelaharpe4a@usatoday.com,413-285-0176,13th Floor
156,Goober,Carleton,gcarleton4b@rakuten.co.jp,197-401-6296,13th Floor
157,Wilburt,D'Antoni,wdantoni4c@amazon.co.jp,257-934-3236,PO Box 29755
158,Janela,Hise,jhise4d@google.it,429-135-3638,Apt 1198
159,Janine,Joye,jjoye4e@wufoo.com,516-875-7914,Room 718
160,Lawton,Tritten,ltritten4f@people.com.cn,212-835-5236,PO Box 7633
161,Etheline,Byrde,ebyrde4g@reverbnation.com,252-835-4868,Room 1694
162,Rhonda,Parradine,rparradine4h@mozilla.com,826-302-5330,Apt 1912
163,Adham,Sate,asate4i@trellian.com,567-730-4125,PO Box 24009
164,Sal,Sloan,ssloan4j@blog.com,210-275-1542,6th Floor
165,Wilek,Summerton,wsummerton4k@earthlink.net,654-818-0142,Room 1348
166,Flossie,Meenan,fmeenan4l@reference.com,673-520-3797,Room 749
167,Amelia,Klosser,aklosser4m@discovery.com,590-168-1491,19th Floor
168,Ludwig,Bunyard,lbunyard4n@ucoz.ru,274-816-5092,Suite 7
169,Doroteya,Elbourne,delbourne4o@smh.com.au,105-891-2169,PO Box 97605
170,Astrid,Stoffel,astoffel4p@pagesperso-orange.fr,600-243-5606,10th Floor
171,Quintina,Sperring,qsperring4q@newyorker.com,754-461-7176,Suite 44
172,Cesare,Worsom,cworsom4r@booking.com,972-288-0291,Room 414
173,Wenona,Kenningley,wkenningley4s@umn.edu,168-190-5923,Suite 14
174,Worthy,Dragonette,wdragonette4t@narod.ru,534-171-1815,3rd Floor
175,Gearalt,Sante,gsante4u@rambler.ru,399-148-0227,PO Box 48679
176,Aloisia,Peterffy,apeterffy4v@bandcamp.com,267-342-7485,Apt 1991
177,Betsy,Hixley,bhixley4w@woothemes.com,352-264-4467,15th Floor
178,Raleigh,Trousdell,rtrousdell4x@i2i.jp,402-321-9063,PO Box 5022
179,Bev,Dumini,bdumini4y@exblog.jp,733-420-9148,Suite 74
180,Niel,Cardew,ncardew4z@feedburner.com,874-193-8975,Suite 42
181,Susana,Sirrell,ssirrell50@issuu.com,408-973-8276,Apt 1213
182,Winthrop,Mountcastle,wmountcastle51@weather.com,193-116-4954,Room 545
183,Nichol,Deener,ndeener52@wunderground.com,729-862-6444,Apt 1679
184,Lennie,McNeigh,lmcneigh53@walmart.com,879-870-6755,PO Box 36399
185,Allen,Woolhouse,awoolhouse54@webnode.com,883-511-4331,7th Floor
186,Lucy,Amphlett,lamphlett55@businessweek.com,797-468-9527,PO Box 23777
187,Breena,Maith,bmaith56@tiny.cc,746-824-6847,Apt 1675
188,Janine,Weedon,jweedon57@gravatar.com,545-702-4770,Room 1920
189,Heidi,Sorby,hsorby58@bizjournals.com,736-730-7913,Suite 86
190,Myer,Ipsgrave,mipsgrave59@drupal.org,554-241-6730,Suite 41
191,Gaven,Doddemeede,gdoddemeede5a@friendfeed.com,230-525-2551,Suite 29
192,Maryann,Salasar,msalasar5b@oakley.com,974-298-9235,Room 123
193,Kikelia,Patters,kpatters5c@squidoo.com,771-769-7252,Suite 60
194,Coop,Yantsev,cyantsev5d@clickbank.net,322-333-7469,Suite 16
195,Layne,Breens,lbreens5e@about.com,594-999-4326,Suite 33
196,Gordan,Crook,gcrook5f@newsvine.com,832-161-7510,Room 1156
197,Vanya,Southby,vsouthby5g@shareasale.com,378-637-4097,Suite 10
198,Gavin,Gillum,ggillum5h@admin.ch,159-655-4477,PO Box 7075
199,Nina,Hucknall,nhucknall5i@usatoday.com,630-460-9404,Apt 558
200,Oralee,Broscombe,obroscombe5j@hatena.ne.jp,630-154-1637,Apt 1348
201,Efrem,Adran,eadran5k@godaddy.com,828-111-7230,Suite 30
202,Amerigo,Goolding,agoolding5l@springer.com,307-589-2408,Room 1634
203,Janna,Antonellini,jantonellini5m@washingtonpost.com,100-908-2466,Apt 1986
204,Tammi,Depka,tdepka5n@netvibes.com,698-586-9662,Suite 73
205,Karalee,Dunmuir,kdunmuir5o@is.gd,300-110-8851,Apt 1518
206,Bliss,Cradoc,bcradoc5p@i2i.jp,115-846-0348,Apt 792
207,Markos,Finkle,mfinkle5q@omniture.com,492-249-0312,Room 862
208,Elora,Adamik,eadamik5r@histats.com,471-123-9137,PO Box 20777
209,Rosemary,Muehler,rmuehler5s@bigcartel.com,711-708-7181,Apt 989
210,Modesty,Friday,mfriday5t@cnet.com,554-373-0380,PO Box 40821
211,Chickie,Ladds,cladds5u@google.nl,524-730-1903,Apt 1685
212,Gavrielle,Skellon,gskellon5v@loc.gov,851-432-2853,PO Box 25405
213,Addison,Howgate,ahowgate5w@gravatar.com,218-132-3243,17th Floor
214,Wade,Gaspero,wgaspero5x@1688.com,976-344-2396,Apt 957
215,Nelli,Kemmons,nkemmons5y@reference.com,766-148-3230,Room 1117
216,Beverlie,Sirl,bsirl5z@ask.com,540-581-9476,Suite 58
217,Ryley,Lawton,rlawton60@symantec.com,174-231-0180,15th Floor
218,Demetrius,Robardley,drobardley61@php.net,942-985-9669,19th Floor
219,Marya,Keveren,mkeveren62@wiley.com,453-628-2703,PO Box 390
220,Dione,Hairyes,dhairyes63@jiathis.com,644-548-5204,Apt 1461
221,Dannye,Gasgarth,dgasgarth64@ucoz.ru,919-985-0944,PO Box 21530
222,Marina,Ropkins,mropkins65@loc.gov,316-572-2790,PO Box 88105
223,Klement,Kneesha,kkneesha66@boston.com,115-458-6067,PO Box 89675
224,Ilise,Chalfant,ichalfant67@weebly.com,689-319-3645,Room 787
225,Meghan,Gairdner,mgairdner68@homestead.com,856-665-3397,Suite 21
226,Addie,Daftor,adaftor69@narod.ru,226-553-5621,Apt 1688
227,Carola,Coopper,ccoopper6a@amazon.de,209-588-4725,17th Floor
228,Ezechiel,Macewan,emacewan6b@is.gd,987-592-3383,PO Box 88720
229,Devin,Burgiss,dburgiss6c@wikipedia.org,434-601-0697,18th Floor
230,Erwin,Escale,eescale6d@ezinearticles.com,846-379-5235,PO Box 18508
231,Anthea,Stanbro,astanbro6e@smugmug.com,940-555-8218,Room 264
232,Nada,McTrustrie,nmctrustrie6f@google.com.hk,181-574-1515,Apt 219
233,Chandal,Capin,ccapin6g@taobao.com,519-631-8368,Apt 1856
234,Innis,Klyn,iklyn6h@nature.com,589-706-0785,Apt 1976
235,Krisha,Bascombe,kbascombe6i@fastcompany.com,481-641-2077,Suite 24
236,Dani,Eburah,deburah6j@wikipedia.org,988-681-0339,Room 1978
237,Tabbatha,Nezey,tnezey6k@reverbnation.com,664-438-2385,PO Box 50853
238,Gardener,Dumingos,gdumingos6l@twitpic.com,446-830-5135,16th Floor
239,Melva,St. Clair,mstclair6m@comsenz.com,637-323-8294,PO Box 52583
240,Fina,Yakobovitz,fyakobovitz6n@salon.com,670-957-7267,PO Box 7086
241,Salem,Vickarman,svickarman6o@theatlantic.com,887-121-3662,Room 1185
242,Tye,Shilito,tshilito6p@unblog.fr,934-181-6848,Apt 1730
243,Tuckie,Abramzon,tabramzon6q@baidu.com,356-422-2053,PO Box 81761
244,Kimberly,Matysiak,kmatysiak6r@cbsnews.com,830-878-5529,Apt 578
245,Lowe,O' Kelleher,lokelleher6s@mail.ru,862-619-9155,PO Box 42538
246,Roz,Rittmeier,rrittmeier6t@meetup.com,190-792-9544,20th Floor
247,Adriaens,Megarrell,amegarrell6u@wp.com,611-485-9989,Room 365
248,Xerxes,Tuckwood,xtuckwood6v@xrea.com,253-138-6575,PO Box 44639
249,Aloysius,Fernanando,afernanando6w@geocities.com,131-586-2424,Apt 1861
250,Thorpe,Newbury,tnewbury6x@issuu.com,357-182-7436,Room 704
251,Jyoti,Wathen,jwathen6y@hud.gov,547-753-5945,Suite 3
252,Sol,Betty,sbetty6z@bloglovin.com,477-486-7398,Apt 1851
253,Carling,Teresse,cteresse70@sphinn.com,515-582-5751,Suite 84
254,Cassandry,Veschambre,cveschambre71@weather.com,108-612-5022,Suite 8
255,Kippy,Cawsey,kcawsey72@aboutads.info,442-681-8853,Apt 1448
256,Addy,Andrelli,aandrelli73@princeton.edu,603-799-4555,Apt 56
257,Ruthann,Byneth,rbyneth74@illinois.edu,345-531-3213,Room 36
258,Ewen,Stoller,estoller75@shop-pro.jp,214-511-4916,Apt 646
259,Ferdinanda,Armitage,farmitage76@irs.gov,878-848-8094,Suite 28
260,Fredra,Hammarberg,fhammarberg77@washington.edu,432-808-8133,PO Box 48541
261,Eveline,Dykas,edykas78@seesaa.net,175-362-9990,Suite 13
262,Chico,Densumbe,cdensumbe79@ftc.gov,502-275-0324,17th Floor
263,Jim,Hansana,jhansana7a@redcross.org,707-728-9161,Apt 273
264,Devi,Camoletto,dcamoletto7b@plala.or.jp,273-640-2640,Apt 454
265,Lona,Shreeve,lshreeve7c@odnoklassniki.ru,376-669-2700,PO Box 48798
266,Alexei,Mallinder,amallinder7d@washington.edu,860-752-7478,Apt 1114
267,Rosalia,Roston,rroston7e@free.fr,135-209-3828,Room 438
268,Abelard,Kennaway,akennaway7f@independent.co.uk,218-686-1109,19th Floor
269,Padgett,Upcraft,pupcraft7g@freewebs.com,964-396-8266,PO Box 2829
270,Filmer,McLarty,fmclarty7h@merriam-webster.com,173-979-5747,Room 396
271,Aindrea,Craghead,acraghead7i@comsenz.com,689-281-5483,Apt 1937
272,Stirling,Iacobetto,siacobetto7j@is.gd,491-804-8151,Apt 192
273,Norrie,Benoi,nbenoi7k@mail.ru,622-599-6810,Room 1890
274,Ingram,Andress,iandress7l@163.com,630-185-6277,Suite 85
275,Ulrica,Schule,uschule7m@creativecommons.org,697-309-1383,Apt 1407
276,Lucretia,Hawkswell,lhawkswell7n@jiathis.com,794-194-5510,Suite 60
277,Justen,Pordall,jpordall7o@newsvine.com,818-806-6285,Suite 11
278,Allin,Boyn,aboyn7p@amazon.co.jp,167-587-5480,Room 1275
279,Karita,O'Sculley,kosculley7q@sitemeter.com,414-548-8671,Room 450
280,Madeleine,Mudge,mmudge7r@wikispaces.com,469-231-8764,PO Box 82542
281,Erny,Pillans,epillans7s@taobao.com,813-692-3014,Suite 56
282,Zondra,Baterip,zbaterip7t@apple.com,104-182-5254,Suite 83
283,Miles,Lambeth,mlambeth7u@boston.com,945-366-1392,PO Box 99269
284,Darcey,Hoogendorp,dhoogendorp7v@mtv.com,616-768-6502,Apt 1536
285,Natasha,Sandall,nsandall7w@so-net.ne.jp,481-167-0606,Apt 1859
286,Trudy,Squibbes,tsquibbes7x@angelfire.com,336-761-7097,Room 812
287,Danice,Ziemens,dziemens7y@youtube.com,677-846-0700,Suite 40
288,Markus,McDuall,mmcduall7z@istockphoto.com,966-312-9337,PO Box 90415
289,Ethyl,Maidment,emaidment80@hugedomains.com,878-630-9594,10th Floor
290,Roseline,Jarratt,rjarratt81@who.int,885-250-6929,Apt 1539
291,Gill,Tineman,gtineman82@eventbrite.com,986-316-1485,18th Floor
292,Anna,Gillmor,agillmor83@opensource.org,311-669-5387,10th Floor
293,Lyon,Tetley,ltetley84@amazon.de,766-383-6733,Room 1762
294,Daphna,Heningham,dheningham85@princeton.edu,455-353-2919,Room 865
295,Parrnell,Espinheira,pespinheira86@sina.com.cn,967-820-8144,Room 1170
296,Janella,Newis,jnewis87@tiny.cc,773-879-7167,Room 1363
297,Cointon,Magson,cmagson88@yelp.com,122-498-7582,Apt 1641
298,Kimberly,Port,kport89@ucoz.ru,305-193-4476,Suite 68
299,Bonnee,Adlington,badlington8a@flickr.com,328-554-3282,Suite 98
300,Neall,Eburne,neburne8b@guardian.co.uk,261-881-3245,Room 608
301,Lem,Cawthery,lcawthery8c@mtv.com,392-461-7009,Suite 1
302,Madlen,Darington,mdarington8d@ed.gov,157-710-1654,Apt 922
303,Lynn,Antonomoli,lantonomoli8e@mail.ru,920-297-1978,Suite 89
304,Jori,Ketteman,jketteman8f@dropbox.com,894-652-4005,Suite 15
305,Delainey,Santer,dsanter8g@moonfruit.com,788-430-9266,PO Box 29324
306,Goldi,Gogay,ggogay8h@cisco.com,239-995-6221,5th Floor
307,Sheelah,Welland,swelland8i@hostgator.com,624-235-5051,Suite 29
308,Leena,Drayson,ldrayson8j@technorati.com,927-826-3632,PO Box 9456
309,Jillane,Faltin,jfaltin8k@yellowpages.com,644-902-7923,Room 257
310,Pancho,Guilliatt,pguilliatt8l@senate.gov,224-184-2206,Suite 28
311,Emlynn,Chatten,echatten8m@digg.com,162-158-4936,Apt 418
312,Leesa,Gully,lgully8n@house.gov,465-935-5907,Apt 396
313,Alverta,Laws,alaws8o@bandcamp.com,796-867-7519,PO Box 57205
314,Brennan,Gorham,bgorham8p@booking.com,694-699-4875,Suite 78
315,Hollyanne,Murrow,hmurrow8q@360.cn,284-536-2799,Room 868
316,Montgomery,Sigars,msigars8r@vistaprint.com,211-688-1089,Room 1607
317,Martha,Doding,mdoding8s@bigcartel.com,469-986-9951,8th Floor
318,Mart,Danilovic,mdanilovic8t@com.com,781-421-2040,PO Box 12735
319,Pepito,Antoinet,pantoinet8u@flickr.com,300-100-5416,Room 468
320,Seth,Wynne,swynne8v@constantcontact.com,616-977-5441,Suite 32
321,Dominique,Dilke,ddilke8w@hostgator.com,896-616-0609,Apt 1157
322,Marlowe,Simoneschi,msimoneschi8x@statcounter.com,626-889-0671,14th Floor
323,Rachele,Raft,rraft8y@quantcast.com,617-897-5197,Room 1421
324,Bendick,Revie,brevie8z@aboutads.info,646-130-2249,2nd Floor
325,Any,de Merida,ademerida90@gnu.org,949-112-7525,PO Box 59862
326,Illa,Dufore,idufore91@ucla.edu,480-612-9925,7th Floor
327,Kermie,Lote,klote92@goodreads.com,557-115-1968,Room 1073
328,Zacharie,Larvent,zlarvent93@youku.com,991-291-6573,14th Floor
329,Vivian,McIlhatton,vmcilhatton94@columbia.edu,606-821-9133,14th Floor
330,Werner,Bambra,wbambra95@mayoclinic.com,716-623-5365,Suite 45
331,Herb,Port,hport96@wufoo.com,618-198-3931,Suite 45
332,Hymie,Tregunna,htregunna97@rediff.com,696-301-5256,Apt 1070
333,Gabriel,Trousdell,gtrousdell98@so-net.ne.jp,165-721-3227,Apt 144
334,Janean,Danilchenko,jdanilchenko99@barnesandnoble.com,904-253-4884,Room 613
335,Dacie,Roome,droome9a@theatlantic.com,339-180-3518,PO Box 52343
336,Ashia,Jaulmes,ajaulmes9b@1688.com,794-458-8908,Suite 34
337,Connor,Bertouloume,cbertouloume9c@cbc.ca,830-136-2313,Suite 60
338,Paolina,Jentgens,pjentgens9d@hugedomains.com,244-479-8894,Suite 99
339,Mattheus,Denizet,mdenizet9e@cornell.edu,630-130-3773,Apt 1911
340,Tudor,Gillham,tgillham9f@123-reg.co.uk,891-550-3961,20th Floor
341,Udale,Drance,udrance9g@ustream.tv,104-143-1440,Suite 5
342,Lishe,Landsberg,llandsberg9h@answers.com,726-176-2003,Suite 86
343,Elsa,Einchcombe,eeinchcombe9i@w3.org,844-751-0632,Apt 1193
344,Ferdy,Inglesant,finglesant9j@cnet.com,306-778-2668,PO Box 5384
345,Donalt,Saxon,dsaxon9k@dedecms.com,481-684-7806,PO Box 48730
346,Angeline,Spaice,aspaice9l@unesco.org,561-746-5858,Suite 15
347,Donnell,Toovey,dtoovey9m@mapy.cz,464-981-4574,PO Box 53329
348,Amos,Aupol,aaupol9n@cisco.com,547-495-4664,Suite 69
349,Mozes,Camellini,mcamellini9o@google.co.jp,632-955-5614,Suite 89
350,Vilma,Stone,vstone9p@newyorker.com,931-668-4673,9th Floor
351,Vanny,Marshallsay,vmarshallsay9q@alibaba.com,495-529-9874,Apt 1736
352,Ricard,Skipton,rskipton9r@wisc.edu,151-621-6858,Apt 573
353,Gardy,Maryott,gmaryott9s@topsy.com,929-411-9641,Room 124
354,Louie,Northway,lnorthway9t@angelfire.com,416-321-2919,18th Floor
355,Garvy,Reightley,greightley9u@zdnet.com,652-595-4956,Apt 267
356,Allys,Manwaring,amanwaring9v@dmoz.org,673-336-9856,Apt 1616
357,Aleksandr,Kirkbride,akirkbride9w@seattletimes.com,962-155-6790,18th Floor
358,Jayme,De Domenicis,jdedomenicis9x@netlog.com,957-614-9069,PO Box 26983
359,Aldridge,Confort,aconfort9y@nbcnews.com,248-549-0428,9th Floor
360,Jerrie,Jell,jjell9z@businesswire.com,898-224-3649,3rd Floor
361,Angel,Faucett,afaucetta0@about.me,727-664-0103,Room 556
362,Hermy,Toten,htotena1@sphinn.com,764-310-1574,PO Box 32275
363,Jackqueline,McParland,jmcparlanda2@gravatar.com,927-108-2071,Room 312
364,Dorie,Metzing,dmetzinga3@tamu.edu,451-293-9662,Room 1928
365,Sharona,Howford,showforda4@cocolog-nifty.com,884-157-6414,Room 1109
366,Ilse,Hartgill,ihartgilla5@shop-pro.jp,362-346-5236,15th Floor
367,Bellanca,Easlea,beasleaa6@naver.com,124-549-0372,Apt 1711
368,Wit,Carrington,wcarringtona7@e-recht24.de,809-922-5187,Suite 36
369,Padgett,Pantlin,ppantlina8@cmu.edu,999-788-8594,PO Box 30130
370,Sanders,Jotham,sjothama9@yellowpages.com,559-970-3536,2nd Floor
371,Lurline,Brill,lbrillaa@forbes.com,101-451-0412,Suite 32
372,Franz,Tatlock,ftatlockab@usa.gov,358-926-5630,Suite 38
373,Ingrid,Dreye,idreyeac@networkadvertising.org,149-576-4698,Apt 410
374,Bartolemo,Luscombe,bluscombead@smugmug.com,304-548-6356,Suite 53
375,Greggory,Revie,grevieae@umich.edu,865-525-0763,Suite 51
376,Trix,Hedger,thedgeraf@zdnet.com,182-238-2944,Suite 9
377,Jyoti,Dielhenn,jdielhennag@google.cn,291-450-2489,PO Box 34531
378,Ollie,Disbury,odisburyah@bigcartel.com,212-585-5317,Suite 79
379,Emile,Donnan,edonnanai@unc.edu,531-667-4799,6th Floor
380,Alard,Longley,alongleyaj@de.vu,231-523-6436,Apt 849
381,Uriah,Ziemke,uziemkeak@ftc.gov,627-494-9893,Room 1925
382,Berry,Giannoni,bgiannonial@cocolog-nifty.com,412-186-8514,Apt 1921
383,Laurena,Padberry,lpadberryam@cdbaby.com,739-947-3528,Room 412
384,Dino,Brecken,dbreckenan@joomla.org,651-903-9359,PO Box 86961
385,Vernice,Angove,vangoveao@skype.com,580-170-8562,Suite 22
386,Millisent,MacGillacolm,mmacgillacolmap@howstuffworks.com,385-491-3823,Apt 596
387,Berton,Niblett,bniblettaq@ameblo.jp,709-479-6607,PO Box 75912
388,Julieta,Edsall,jedsallar@skype.com,378-642-9878,Apt 330
389,Keelby,Venning,kvenningas@webmd.com,534-497-7212,Apt 1778
390,Delila,Carlan,dcarlanat@redcross.org,142-725-2971,Suite 10
391,Jessa,Bispo,jbispoau@webs.com,447-130-7643,Suite 26
392,Bekki,Fretson,bfretsonav@gmpg.org,465-862-0457,PO Box 61797
393,Anjanette,Assel,aasselaw@bloomberg.com,629-488-6049,Suite 61
394,Poul,Jewster,pjewsterax@mozilla.org,338-965-7685,Suite 32
395,Sly,Vye,svyeay@aol.com,345-743-8828,Room 1032
396,Franciska,Wilmot,fwilmotaz@cpanel.net,952-486-1238,Room 1789
397,Justine,Menendez,jmenendezb0@tiny.cc,881-271-1440,Room 1062
398,Mirna,Mutlow,mmutlowb1@lulu.com,629-373-8365,PO Box 95912
399,Roxane,McClarence,rmcclarenceb2@skype.com,964-497-9148,PO Box 50144
400,Chastity,Foch,cfochb3@ft.com,502-443-4971,PO Box 68692
401,Dorothee,Shalcras,dshalcrasb4@noaa.gov,988-550-9806,11th Floor
402,Moselle,Itscowicz,mitscowiczb5@cam.ac.uk,345-211-2287,3rd Floor
403,Jerrome,Fulks,jfulksb6@amazon.co.jp,105-248-9113,PO Box 84058
404,Lowell,Margaritelli,lmargaritellib7@stumbleupon.com,971-532-9515,PO Box 32679
405,Paulina,Platt,pplattb8@skyrock.com,267-685-7760,Apt 461
406,Ford,Harbour,fharbourb9@house.gov,855-588-0223,Suite 70
407,Jarvis,Nassi,jnassiba@tinyurl.com,655-363-4689,PO Box 23062
408,Bud,McGiven,bmcgivenbb@wikimedia.org,158-137-7057,Apt 113
409,Linnet,Rapi,lrapibc@themeforest.net,672-218-3727,Room 571
410,Uri,Gallaher,ugallaherbd@g.co,775-250-0116,Suite 82
411,Sherri,Kellegher,skellegherbe@ucoz.com,774-654-1710,13th Floor
412,Karlens,Bohea,kboheabf@elpais.com,539-417-6402,PO Box 17635
413,Ekaterina,Kob,ekobbg@trellian.com,701-308-6513,Suite 84
414,Cati,Aguirrezabala,caguirrezabalabh@hexun.com,375-541-6366,Suite 4
415,Sonni,Smidmoor,ssmidmoorbi@discovery.com,725-196-1994,Suite 13
416,Karrah,Skedgell,kskedgellbj@surveymonkey.com,430-577-1070,10th Floor
417,Emmerich,Pristnor,epristnorbk@webs.com,100-969-3341,PO Box 3761
418,Ker,Wallett,kwallettbl@seesaa.net,488-101-2778,Suite 21
419,Teirtza,Quan,tquanbm@jalbum.net,477-835-2828,Room 1890
420,Hugo,Benzies,hbenziesbn@sina.com.cn,146-271-3224,Suite 97
421,Raddie,Jallin,rjallinbo@state.tx.us,848-676-4726,Suite 87
422,Sullivan,Glasebrook,sglasebrookbp@moonfruit.com,490-879-0673,16th Floor
423,Cherish,Adran,cadranbq@google.ca,163-527-3122,Room 1020
424,Toni,Balmann,tbalmannbr@paypal.com,643-799-1122,Room 873
425,Matthiew,Stains,mstainsbs@nsw.gov.au,559-702-1152,Apt 1041
426,Florella,Philler,fphillerbt@dot.gov,650-846-7875,Apt 574
427,Meredith,Davidavidovics,mdavidavidovicsbu@npr.org,306-730-4998,Apt 1481
428,Katinka,Tomblin,ktomblinbv@infoseek.co.jp,909-888-6485,Apt 144
429,Merridie,Skiplorne,mskiplornebw@tiny.cc,917-797-8022,PO Box 45435
430,Emlynne,Stonard,estonardbx@shop-pro.jp,143-524-6641,Suite 11
431,Yanaton,Neno,ynenoby@goo.ne.jp,792-728-4833,Suite 94
432,Con,Arpur,carpurbz@spiegel.de,666-539-3457,Room 534
433,Danie,Henrionot,dhenrionotc0@apache.org,314-921-4446,Room 973
434,Katleen,Moakes,kmoakesc1@livejournal.com,163-446-7029,20th Floor
435,Lynn,Hitzschke,lhitzschkec2@example.com,473-542-2415,PO Box 57555
436,Storm,Purseglove,spurseglovec3@mayoclinic.com,633-324-6515,Room 1628
437,Ewan,Wooler,ewoolerc4@state.gov,933-901-7615,Suite 93
438,Chic,Novichenko,cnovichenkoc5@geocities.jp,344-829-7990,Room 295
439,Antonietta,Beasant,abeasantc6@constantcontact.com,295-903-8748,Room 1044
440,Evin,Bushby,ebushbyc7@instagram.com,435-454-2917,PO Box 14973
441,Edi,Jewers,ejewersc8@behance.net,244-436-7868,Apt 246
442,Lauraine,Ralls,lrallsc9@bravesites.com,275-583-2093,Apt 851
443,Jimmie,Rollinson,jrollinsonca@printfriendly.com,349-317-7104,18th Floor
444,Belita,Sherbrooke,bsherbrookecb@chronoengine.com,234-793-3938,PO Box 41315
445,Jillene,Sloan,jsloancc@dell.com,400-122-6783,Apt 1404
446,Jess,Circuitt,jcircuittcd@state.gov,544-476-9334,Room 610
447,Lexine,Beekmann,lbeekmannce@bravesites.com,667-152-7410,17th Floor
448,Conn,Hinge,chingecf@typepad.com,633-425-2185,PO Box 49114
449,Dierdre,Salvadori,dsalvadoricg@example.com,703-924-3805,Apt 570
450,Lars,Tapin,ltapinch@aboutads.info,531-409-9693,Apt 1851
451,Faunie,Le Leu,fleleuci@spotify.com,489-571-7839,4th Floor
452,Pierce,McGarel,pmcgarelcj@google.co.jp,463-524-4087,16th Floor
453,Serge,Aubry,saubryck@spotify.com,821-366-5737,Apt 800
454,Derrik,Matveiko,dmatveikocl@tinypic.com,520-245-4787,PO Box 18098
455,Gayla,Dwerryhouse,gdwerryhousecm@smugmug.com,573-711-8397,PO Box 5073
456,Sanson,Hayford,shayfordcn@edublogs.org,959-589-4820,8th Floor
457,Jerald,Soldan,jsoldanco@cnbc.com,622-128-7135,Room 1918
458,Nikola,Kores,nkorescp@blogtalkradio.com,807-789-4977,Suite 21
459,Beret,Pannaman,bpannamancq@mtv.com,491-328-3144,Suite 3
460,Irene,Rathke,irathkecr@barnesandnoble.com,756-491-4763,19th Floor
461,Aubree,Wrout,awroutcs@blog.com,329-589-9982,Suite 45
462,Matias,Giamelli,mgiamellict@ihg.com,925-124-4859,Apt 1713
463,Alysa,Pudan,apudancu@salon.com,938-717-1932,Room 1479
464,Olivette,Thying,othyingcv@tmall.com,520-199-5729,Apt 226
465,Jacinthe,Murie,jmuriecw@xrea.com,866-562-7218,5th Floor
466,Bidget,Willwood,bwillwoodcx@bigcartel.com,832-800-8315,8th Floor
467,Felizio,Plascott,fplascottcy@globo.com,386-456-9126,Room 1188
468,Corey,Brunger,cbrungercz@netscape.com,752-131-6495,19th Floor
469,Keenan,Cerith,kcerithd0@disqus.com,161-789-9801,Apt 528
470,Kyle,Niaves,kniavesd1@amazonaws.com,305-384-3432,PO Box 65009
471,Merrill,Kringe,mkringed2@geocities.com,307-882-6496,PO Box 76883
472,Aimee,Pooke,apooked3@google.com.br,548-641-6257,8th Floor
473,Mira,Halladay,mhalladayd4@elegantthemes.com,595-287-1619,PO Box 30340
474,Bryce,Lesser,blesserd5@shutterfly.com,298-766-4948,PO Box 91563
475,Shaughn,Rosencwaig,srosencwaigd6@so-net.ne.jp,255-190-7524,PO Box 63278
476,Marcelo,Tortoise,mtortoised7@indiegogo.com,595-431-8522,Suite 95
477,Chantalle,Orhtmann,corhtmannd8@sun.com,888-339-6379,PO Box 26527
478,Tab,Crossman,tcrossmand9@nbcnews.com,876-610-8946,Room 292
479,Fredi,Bakster,fbaksterda@narod.ru,481-727-5550,Apt 1445
480,Serena,Duerden,sduerdendb@unc.edu,603-795-2098,9th Floor
481,Roddie,Westwood,rwestwooddc@un.org,371-910-8172,11th Floor
482,Kat,Langeley,klangeleydd@utexas.edu,651-242-3264,PO Box 29905
483,Sharona,Simka,ssimkade@nsw.gov.au,396-423-0491,PO Box 2383
484,Josefa,Scrivner,jscrivnerdf@storify.com,928-493-3759,3rd Floor
485,Deane,Sellors,dsellorsdg@taobao.com,319-706-4204,Room 237
486,Henka,Lenormand,hlenormanddh@xinhuanet.com,448-601-9299,Apt 235
487,Isa,Pecht,ipechtdi@mysql.com,831-732-3941,13th Floor
488,Prudence,Rolin,prolindj@spotify.com,701-338-2098,Suite 38
489,Katharyn,Billanie,kbillaniedk@thetimes.co.uk,203-246-7206,Apt 1610
490,Aila,Ondrus,aondrusdl@hhs.gov,315-189-7461,PO Box 63376
491,Adriano,Maseyk,amaseykdm@addthis.com,701-978-6731,Room 993
492,Suellen,Pigeon,spigeondn@hexun.com,788-900-3075,Room 1373
493,Sheffie,Kensley,skensleydo@nba.com,857-713-0013,2nd Floor
494,Ellis,Farfalameev,efarfalameevdp@creativecommons.org,564-369-6681,Room 374
495,Kevon,Belt,kbeltdq@illinois.edu,135-781-5851,PO Box 37088
496,Faber,Donohue,fdonohuedr@google.ca,224-969-3272,Suite 87
497,Gwen,Pitway,gpitwayds@merriam-webster.com,877-222-0417,Suite 52
498,Skelly,Rillett,srillettdt@alibaba.com,731-804-3255,PO Box 47409
499,Revkah,Smead,rsmeaddu@buzzfeed.com,702-137-7479,Apt 314
500,Ruthie,Vannacci,rvannaccidv@printfriendly.com,480-877-8964,Room 1597
501,Carmine,Solley,csolleydw@163.com,573-287-9035,PO Box 94955
502,Artur,Pettyfar,apettyfardx@barnesandnoble.com,816-983-2043,Suite 59
503,Fianna,Kinglake,fkinglakedy@desdev.cn,830-223-4182,PO Box 92729
504,Cornie,Fegan,cfegandz@deviantart.com,388-373-1224,Suite 36
505,Elliot,Baudin,ebaudine0@yolasite.com,635-638-1742,Room 280
506,Kaja,Chalcraft,kchalcrafte1@dedecms.com,688-746-2222,Room 1232
507,Bernie,Tanzer,btanzere2@sina.com.cn,295-982-6725,10th Floor
508,Barnaby,Pemberton,bpembertone3@state.gov,271-966-8515,Suite 49
509,Ignazio,Sharp,isharpe4@nydailynews.com,544-947-9604,Suite 51
510,Elka,Gifford,egifforde5@google.it,900-671-4221,Apt 434
511,Phedra,Cristofvao,pcristofvaoe6@4shared.com,282-701-1864,PO Box 99268
512,Karena,Haggie,khaggiee7@vistaprint.com,482-570-7194,Apt 152
513,Lazare,Blaxter,lblaxtere8@shutterfly.com,829-311-5023,20th Floor
514,Melvyn,Towner,mtownere9@home.pl,985-986-4327,2nd Floor
515,Melisande,Cardoe,mcardoeea@desdev.cn,301-124-9807,Suite 46
516,Juliette,Mortimer,jmortimereb@rakuten.co.jp,428-964-7764,Suite 100
517,Gillie,Dwine,gdwineec@domainmarket.com,253-139-3480,Room 1169
518,Harcourt,Danbury,hdanburyed@reddit.com,914-674-0112,PO Box 37950
519,Winonah,MacTrustrie,wmactrustrieee@about.me,839-856-6382,Apt 427
520,Maxim,O'Dennehy,modennehyef@howstuffworks.com,416-384-4824,Suite 20
521,Waldemar,Sutheran,wsutheraneg@naver.com,196-919-2822,Room 1357
522,Darrelle,Curtayne,dcurtayneeh@hibu.com,176-972-1115,7th Floor
523,Cathrine,Plumm,cplummei@marketwatch.com,508-186-8576,Room 932
524,Alyosha,Stringman,astringmanej@goo.gl,176-778-4167,Suite 24
525,Lon,Arnet,larnetek@nytimes.com,368-222-5170,17th Floor
526,Barbee,Hitter,bhitterel@freewebs.com,697-595-4301,Suite 19
527,Violet,Kording,vkordingem@google.ca,863-260-1306,Room 1214
528,Jasmina,Charteris,jcharterisen@kickstarter.com,640-962-0027,Apt 1704
529,Hendrika,Gallamore,hgallamoreeo@nih.gov,848-139-0859,Suite 48
530,Jeffie,MacIlhargy,jmacilhargyep@tumblr.com,402-154-6644,Apt 276
531,Retha,Bentall,rbentalleq@businessinsider.com,415-651-9268,Room 1882
532,Roma,McQuade,rmcquadeer@prnewswire.com,908-439-3451,Room 2000
533,Mariam,Grinley,mgrinleyes@tuttocitta.it,639-237-2164,PO Box 38215
534,Evey,Fosserd,efosserdet@ucoz.com,117-493-5849,Apt 994
535,Neddie,McGarrity,nmcgarrityeu@diigo.com,344-428-5976,Apt 191
536,Waldon,Ritchman,writchmanev@biglobe.ne.jp,355-524-6043,Suite 90
537,Erina,Beachem,ebeachemew@oaic.gov.au,987-488-3811,Apt 1538
538,Alaric,Crumpton,acrumptonex@wordpress.org,271-614-0617,Apt 1648
539,Aubine,Petschelt,apetscheltey@wikimedia.org,520-989-1832,3rd Floor
540,Rossie,Scatcher,rscatcherez@github.com,704-222-1851,Suite 27
541,Rheba,Olliffe,rolliffef0@biglobe.ne.jp,214-118-5993,Room 744
542,Curtice,Swindells,cswindellsf1@harvard.edu,819-729-3151,Room 911
543,Antoine,Fancourt,afancourtf2@studiopress.com,317-165-9477,Room 66
544,Faina,Sickert,fsickertf3@cargocollective.com,717-151-8217,Apt 612
545,Welsh,Dalwood,wdalwoodf4@engadget.com,478-388-6069,Apt 1257
546,Cathrine,Chirm,cchirmf5@amazon.de,178-357-7320,Suite 40
547,Sheppard,Minghetti,sminghettif6@vkontakte.ru,329-721-4879,PO Box 31935
548,Maxim,Lyfield,mlyfieldf7@stanford.edu,414-623-9052,Apt 1896
549,Faythe,Halliwell,fhalliwellf8@yellowpages.com,814-356-8833,Room 682
550,Kennan,Bissiker,kbissikerf9@disqus.com,995-298-7953,Apt 1796
551,Stephenie,Summerlie,ssummerliefa@cisco.com,360-688-5911,17th Floor
552,Katalin,Pengelley,kpengelleyfb@cbsnews.com,842-521-0381,PO Box 78908
553,Benny,Heathfield,bheathfieldfc@cafepress.com,859-862-0311,PO Box 24176
554,Tani,Duplan,tduplanfd@un.org,963-622-8368,5th Floor
555,Keelby,Voller,kvollerfe@flickr.com,807-696-8833,Room 1438
556,Doralynne,Sabberton,dsabbertonff@yolasite.com,158-439-3234,2nd Floor
557,Shell,Alban,salbanfg@geocities.com,800-274-2288,1st Floor
558,Siouxie,Garfit,sgarfitfh@go.com,259-668-9073,Apt 487
559,Ruthann,Tortoise,rtortoisefi@psu.edu,135-403-8319,2nd Floor
560,Werner,Langdon,wlangdonfj@com.com,137-840-5165,PO Box 32993
561,Elsinore,Trussman,etrussmanfk@va.gov,975-509-4933,PO Box 92086
562,Brianna,Moulton,bmoultonfl@themeforest.net,204-854-3303,Apt 1236
563,Carmita,Gager,cgagerfm@about.com,175-452-4007,PO Box 15021
564,Cheslie,Slowly,cslowlyfn@ask.com,708-962-5441,Suite 5
565,Trip,Mullard,tmullardfo@wired.com,949-972-5951,Room 268
566,Mildred,Cops,mcopsfp@is.gd,351-447-8944,Room 1484
567,Halsey,Ruste,hrustefq@hc360.com,601-155-1801,Room 1259
568,Poul,Goldis,pgoldisfr@usgs.gov,293-228-9443,Room 952
569,Nero,Betser,nbetserfs@dropbox.com,593-937-0020,Apt 572
570,Bordie,Bliss,bblissft@wp.com,382-932-0993,Room 239
571,Angelika,Yellowlee,ayellowleefu@nationalgeographic.com,864-586-7002,16th Floor
572,Clementine,Barkes,cbarkesfv@arizona.edu,490-307-2273,Room 949
573,Romeo,Nelm,rnelmfw@freewebs.com,347-289-2335,Apt 161
574,Gale,Taffrey,gtaffreyfx@shutterfly.com,973-277-3755,Apt 1633
575,Tucker,Enriques,tenriquesfy@cbsnews.com,755-409-3906,PO Box 29141
576,Rowen,Fozard,rfozardfz@yandex.ru,897-534-2194,Room 1672
577,Maxwell,Riping,mripingg0@stumbleupon.com,317-597-8508,12th Floor
578,Urbano,Gadson,ugadsong1@state.gov,349-262-5675,3rd Floor
579,Langston,Coyte,lcoyteg2@nbcnews.com,841-990-4932,PO Box 7728
580,Marian,Bankhurst,mbankhurstg3@usa.gov,804-610-3354,Room 1787
581,Robert,Leach,rleachg4@zimbio.com,503-103-7295,Room 1486
582,Cory,Stickley,cstickleyg5@utexas.edu,438-127-2163,Suite 21
583,Antone,Malenoir,amalenoirg6@dagondesign.com,446-294-7843,1st Floor
584,Idaline,Eschalotte,ieschalotteg7@yale.edu,370-841-7927,Room 176
585,Seth,Sleford,sslefordg8@constantcontact.com,946-553-9976,Suite 53
586,Layney,Tummons,ltummonsg9@eepurl.com,781-752-1413,Room 1209
587,Alexander,Dorning,adorningga@wufoo.com,236-198-6155,8th Floor
588,Lindsey,Chisholme,lchisholmegb@abc.net.au,660-724-9204,Room 1350
589,Tonya,Filyukov,tfilyukovgc@stanford.edu,425-384-1736,Room 617
590,Hillery,Tanton,htantongd@pen.io,644-602-1395,13th Floor
591,Drud,Nuccii,dnucciige@joomla.org,206-991-2067,Apt 1271
592,Merry,Comberbach,mcomberbachgf@state.gov,626-483-8193,Apt 1914
593,Barclay,Brinson,bbrinsongg@miitbeian.gov.cn,660-360-9481,15th Floor
594,Christalle,Raddin,craddingh@senate.gov,357-381-3464,2nd Floor
595,Aigneis,Hartegan,ahartegangi@noaa.gov,240-851-0992,PO Box 34244
596,Hussein,Blake,hblakegj@purevolume.com,706-946-8111,Room 458
597,See,Leeke,sleekegk@newsvine.com,265-196-2842,Apt 788
598,Griselda,Gare,ggaregl@exblog.jp,951-915-8405,PO Box 33283
599,Aeriell,Possek,apossekgm@alibaba.com,680-605-4364,Room 1310
600,Lib,De Morena,ldemorenagn@businessweek.com,296-827-5113,PO Box 75220
601,Simone,Delap,sdelapgo@usda.gov,723-308-4443,Suite 58
602,Florencia,Scotford,fscotfordgp@about.me,159-600-6318,PO Box 77390
603,Emalee,Froschauer,efroschauergq@dailymotion.com,944-910-9931,Apt 785
604,Vivi,Bunny,vbunnygr@studiopress.com,337-585-5243,13th Floor
605,Mort,Iacopini,miacopinigs@cafepress.com,260-562-7912,Apt 167
606,Arlin,Skyram,askyramgt@tumblr.com,729-300-4541,PO Box 71046
607,Ignaz,Karle,ikarlegu@uol.com.br,514-804-0803,PO Box 26424
608,Theodosia,Mengo,tmengogv@nasa.gov,178-245-7923,Suite 85
609,Kessia,Ballchin,kballchingw@wikia.com,730-341-2877,Room 1415
610,Milka,Desmond,mdesmondgx@ifeng.com,667-565-7198,10th Floor
611,Clerc,Sneezem,csneezemgy@apache.org,142-393-5900,Room 1840
612,Jermain,Ferens,jferensgz@woothemes.com,689-961-7927,Suite 8
613,Eirena,Duinkerk,eduinkerkh0@yahoo.co.jp,891-533-0225,11th Floor
614,Hyacinthia,Buckel,hbuckelh1@gov.uk,561-872-4451,17th Floor
615,Reiko,Writer,rwriterh2@state.tx.us,922-234-1618,Apt 609
616,Theressa,Rothman,trothmanh3@google.de,120-301-2660,PO Box 89020
617,Tobin,Iashvili,tiashvilih4@ted.com,583-821-2958,PO Box 69284
618,Thatcher,Phorsby,tphorsbyh5@deviantart.com,377-979-9907,Suite 71
619,Brandi,Raddenbury,braddenburyh6@wired.com,775-426-0674,Apt 666
620,Helli,Rubert,hruberth7@cam.ac.uk,498-767-7948,PO Box 55338
621,Jazmin,De Paoli,jdepaolih8@google.co.uk,231-158-4584,PO Box 8661
622,Britteny,Hanes,bhanesh9@elpais.com,852-382-1444,15th Floor
623,Virginie,Millthorpe,vmillthorpeha@gov.uk,543-370-5212,Room 682
624,Catriona,McCarly,cmccarlyhb@time.com,925-927-4803,14th Floor
625,Chery,Mepsted,cmepstedhc@census.gov,692-146-6823,Apt 1376
626,Leisha,Benzi,lbenzihd@people.com.cn,945-108-6641,Room 1215
627,Giffy,Klaffs,gklaffshe@e-recht24.de,456-133-2072,PO Box 52127
628,Ashlie,Betancourt,abetancourthf@unc.edu,704-770-1533,PO Box 44344
629,Pieter,Bruckent,pbruckenthg@deviantart.com,675-236-8779,Suite 74
630,Alf,Breazeall,abreazeallhh@sogou.com,447-514-9313,Room 450
631,My,Brookshaw,mbrookshawhi@reuters.com,606-585-8421,PO Box 56707
632,Robinet,McGloughlin,rmcgloughlinhj@smugmug.com,257-644-2728,Room 1318
633,Avril,Bleier,ableierhk@usda.gov,908-136-2660,Apt 1554
634,Elias,Lindfors,elindforshl@arstechnica.com,657-875-1034,Suite 25
635,Adina,Rains,arainshm@wordpress.org,183-241-4681,PO Box 90516
636,Crista,Wheeldon,cwheeldonhn@gov.uk,720-461-1604,PO Box 50897
637,Angie,Gilluley,agilluleyho@constantcontact.com,237-163-2303,PO Box 40120
638,Christean,Woffinden,cwoffindenhp@ifeng.com,465-218-1163,Room 1611
639,Gabie,Stannett,gstannetthq@flavors.me,337-436-2653,Apt 95
640,Dora,Bindin,dbindinhr@businessinsider.com,928-729-8557,Suite 64
641,Sal,Greensted,sgreenstedhs@bing.com,290-301-1334,PO Box 15002
642,Odella,Cervantes,ocervantesht@jugem.jp,141-711-3974,Room 1402
643,Shadow,Larway,slarwayhu@nih.gov,833-640-9719,19th Floor
644,Chevalier,Keitley,ckeitleyhv@mac.com,324-882-0423,Suite 78
645,Joy,Zanetello,jzanetellohw@toplist.cz,912-548-6501,Suite 5
646,Hailey,Biggerstaff,hbiggerstaffhx@xinhuanet.com,747-750-3390,Room 1349
647,Kata,Leare,klearehy@wsj.com,312-264-7068,PO Box 67064
648,Madelle,Hixley,mhixleyhz@e-recht24.de,248-424-3715,PO Box 62267
649,Evyn,Emms,eemmsi0@plala.or.jp,360-162-8505,10th Floor
650,Rowney,Witterick,rwittericki1@arizona.edu,486-517-3573,17th Floor
651,Kala,O'Cridigan,kocridigani2@uiuc.edu,812-625-3662,Suite 88
652,Clemmy,Mechic,cmechici3@pcworld.com,712-254-1467,10th Floor
653,Benita,Cosh,bcoshi4@bing.com,661-430-1599,PO Box 72708
654,Isador,Zapata,izapatai5@cyberchimps.com,721-949-0472,Room 54
655,Helenelizabeth,Immins,himminsi6@4shared.com,728-776-1420,Room 1865
656,Benetta,Petruszka,bpetruszkai7@slate.com,160-907-9023,Room 1517
657,Brose,Lethbridge,blethbridgei8@shutterfly.com,293-338-9706,PO Box 34945
658,Larisa,Blaskett,lblasketti9@kickstarter.com,824-837-0362,PO Box 75650
659,Natassia,Birrell,nbirrellia@mediafire.com,532-411-0270,Suite 47
660,Shurlock,Belli,sbelliib@pbs.org,411-850-6219,7th Floor
661,Sutherland,Beavers,sbeaversic@ning.com,450-250-1622,PO Box 35227
662,Analiese,Littlefield,alittlefieldid@abc.net.au,836-322-8354,Apt 1396
663,Othello,Twaits,otwaitsie@loc.gov,548-863-7537,13th Floor
664,Barthel,Tuftin,btuftinif@google.ca,585-444-2677,11th Floor
665,Kerr,Janauschek,kjanauschekig@dion.ne.jp,426-981-6037,Room 350
666,Winnie,O'Looney,wolooneyih@mayoclinic.com,233-472-2923,Apt 450
667,Kathryn,Romeuf,kromeufii@blinklist.com,895-455-1303,PO Box 118
668,Magdaia,Mound,mmoundij@slideshare.net,775-151-1555,Apt 1038
669,Fidelia,Khristoforov,fkhristoforovik@seesaa.net,882-564-5151,Apt 91
670,Lyndsie,Grzelczak,lgrzelczakil@bing.com,646-570-3744,10th Floor
671,Nyssa,Cowup,ncowupim@digg.com,627-310-1822,PO Box 62891
672,Stefa,Gaskell,sgaskellin@washingtonpost.com,637-357-3475,Room 343
673,Milly,Tribell,mtribellio@dmoz.org,536-160-2013,8th Floor
674,Yankee,Jennions,yjennionsip@lycos.com,833-348-3232,Suite 92
675,Ravid,Hoggan,rhogganiq@alibaba.com,215-542-1727,Apt 817
676,Lainey,Rickets,lricketsir@edublogs.org,153-929-9271,1st Floor
677,Obie,Mayall,omayallis@google.fr,104-779-9876,Apt 1609
678,Cathlene,Mahmood,cmahmoodit@com.com,506-601-1635,PO Box 65510
679,Cull,Pyrah,cpyrahiu@goo.ne.jp,669-856-4706,3rd Floor
680,Jessie,Murphy,jmurphyiv@arizona.edu,417-702-8488,15th Floor
681,Emlynne,Pikett,epikettiw@istockphoto.com,899-473-9627,PO Box 96107
682,Tammi,Stoneley,tstoneleyix@howstuffworks.com,424-526-4292,Apt 417
683,Merralee,Bilton,mbiltoniy@oakley.com,894-629-2893,Apt 1088
684,Mathilde,Minster,mminsteriz@dyndns.org,314-240-2514,16th Floor
685,Yvonne,O'Fallon,yofallonj0@mtv.com,787-610-2558,Room 1773
686,Helga,Labrum,hlabrumj1@about.me,853-381-7186,Room 457
687,Jenn,Capel,jcapelj2@ow.ly,409-257-0764,1st Floor
688,Burtie,Bortoletti,bbortolettij3@bbc.co.uk,534-166-6193,Room 1306
689,Berton,Inglesent,binglesentj4@bigcartel.com,601-492-6912,Suite 15
690,Kathrine,Hillum,khillumj5@wix.com,573-301-0756,6th Floor
691,Saraann,Castelletto,scastellettoj6@hud.gov,846-262-7668,Suite 3
692,Adolphus,Jiggen,ajiggenj7@weebly.com,330-819-1074,Suite 44
693,Chiarra,Ayliffe,cayliffej8@ca.gov,544-800-5190,Suite 44
694,Basil,Weall,bweallj9@japanpost.jp,745-810-1647,Suite 96
695,Ulrich,Hargroves,uhargrovesja@github.com,219-441-5598,Apt 1699
696,Keriann,Greenstock,kgreenstockjb@shinystat.com,922-238-7890,Apt 658
697,Kara,Pounder,kpounderjc@usgs.gov,396-508-7438,PO Box 70281
698,Adella,Dicte,adictejd@dailymotion.com,819-261-7445,Room 194
699,Salomone,Wehden,swehdenje@printfriendly.com,833-544-5655,Room 249
700,Lamar,Threadkell,lthreadkelljf@ocn.ne.jp,280-462-0609,8th Floor
701,Roarke,Taggett,rtaggettjg@nhs.uk,902-632-3566,Apt 148
702,Frayda,Balderson,fbaldersonjh@unblog.fr,479-522-8784,13th Floor
703,Ariadne,Dawney,adawneyji@friendfeed.com,467-506-3360,Room 436
704,Linette,Orae,loraejj@nhs.uk,411-907-0483,Suite 31
705,Cami,Emson,cemsonjk@bluehost.com,616-483-2792,Room 1198
706,Ritchie,Pinner,rpinnerjl@prnewswire.com,617-365-8927,Suite 95
707,Marylee,Huyghe,mhuyghejm@sakura.ne.jp,401-814-8009,PO Box 70186
708,Ferris,McCheyne,fmccheynejn@plala.or.jp,958-117-1741,Apt 1826
709,Jules,Selwyne,jselwynejo@gravatar.com,997-654-4814,15th Floor
710,Harold,Danick,hdanickjp@sogou.com,902-120-8563,Apt 1006
711,Ingra,Fessby,ifessbyjq@goodreads.com,186-462-4679,PO Box 35778
712,Cacilie,Brownscombe,cbrownscombejr@barnesandnoble.com,430-981-4394,Apt 1719
713,Alasteir,Rikel,arikeljs@go.com,537-258-5942,PO Box 97405
714,Budd,Scouler,bscoulerjt@microsoft.com,299-898-4846,12th Floor
715,Wynn,Abdie,wabdieju@sciencedirect.com,824-825-9551,Apt 223
716,Alys,MacCostigan,amaccostiganjv@ebay.co.uk,473-793-6153,Suite 57
717,Emiline,Rego,eregojw@illinois.edu,392-274-8231,Apt 1248
718,Robin,Dallan,rdallanjx@twitter.com,348-170-1973,PO Box 1712
719,Megan,Rosenauer,mrosenauerjy@springer.com,301-197-2842,1st Floor
720,Robinette,Crosseland,rcrosselandjz@networksolutions.com,563-657-6046,Suite 23
721,Gottfried,Petyt,gpetytk0@skyrock.com,215-197-9210,Suite 63
722,Dom,Jewsbury,djewsburyk1@chicagotribune.com,153-147-4052,Apt 1393
723,Ferrell,Sleeman,fsleemank2@trellian.com,995-103-5027,Suite 97
724,Tiler,Belvard,tbelvardk3@cbc.ca,328-652-1879,Apt 1925
725,Fabio,Crudginton,fcrudgintonk4@tinypic.com,813-753-7523,PO Box 18468
726,Kerrill,Doughtery,kdoughteryk5@digg.com,802-127-4014,16th Floor
727,Rorie,McSpirron,rmcspirronk6@google.co.uk,711-642-4573,PO Box 73761
728,Tori,Kornilyev,tkornilyevk7@apache.org,612-236-2489,Room 1982
729,Sharyl,Bartali,sbartalik8@dmoz.org,859-734-7960,PO Box 55647
730,Drugi,Snaden,dsnadenk9@webs.com,260-177-4137,Room 745
731,Issi,Morrilly,imorrillyka@skyrock.com,486-631-3506,10th Floor
732,Jarvis,Caulier,jcaulierkb@sohu.com,481-108-6413,Apt 1031
733,Ralina,Pray,rpraykc@howstuffworks.com,307-311-9102,PO Box 892
734,Gerome,Vondrasek,gvondrasekkd@dyndns.org,265-251-0482,Suite 64
735,Breanne,Paff,bpaffke@japanpost.jp,420-315-0858,2nd Floor
736,Roi,Rycraft,rrycraftkf@blog.com,510-136-7164,19th Floor
737,Concordia,Somner,csomnerkg@furl.net,515-288-6167,10th Floor
738,Scarlett,Woodson,swoodsonkh@privacy.gov.au,607-765-1429,Suite 19
739,Friedrich,Rusbridge,frusbridgeki@ehow.com,747-137-0519,PO Box 9100
740,Milli,Mackinder,mmackinderkj@google.de,413-477-8639,Apt 1411
741,Sharon,Crichton,scrichtonkk@samsung.com,502-334-6081,Suite 69
742,Nefen,Izkovitch,nizkovitchkl@un.org,452-174-8508,Suite 59
743,Christye,Corkett,ccorkettkm@issuu.com,950-816-5559,Room 1796
744,Minta,Shanks,mshankskn@reuters.com,777-495-0658,PO Box 91305
745,Kari,MacKenney,kmackenneyko@comcast.net,313-397-4825,Room 682
746,Sollie,Grube,sgrubekp@yahoo.com,871-978-1591,PO Box 33075
747,Linn,Pryke,lprykekq@moonfruit.com,384-898-4544,2nd Floor
748,Cissy,Gorstidge,cgorstidgekr@angelfire.com,118-103-3148,14th Floor
749,Serena,Cornwell,scornwellks@youtu.be,628-401-3970,10th Floor
750,Dulcine,Lodden,dloddenkt@deviantart.com,653-854-4869,Room 1970
751,Augustina,Maingot,amaingotku@ezinearticles.com,856-831-0138,16th Floor
752,Wyndham,Cuseick,wcuseickkv@weebly.com,380-637-2191,20th Floor
753,Benedict,Boulder,bboulderkw@edublogs.org,534-243-5507,Room 1757
754,Jeannie,Berntsson,jberntssonkx@virginia.edu,997-296-2015,Suite 15
755,Dacy,MacDonnell,dmacdonnellky@boston.com,910-930-4510,Apt 1852
756,Phylis,Sails,psailskz@google.co.jp,878-115-3199,Apt 1971
757,Tudor,Gorringe,tgorringel0@stumbleupon.com,225-264-9185,Room 1998
758,Federica,Sywell,fsywelll1@bigcartel.com,329-540-0121,PO Box 82310
759,Renelle,Isac,risacl2@dagondesign.com,843-263-7014,Suite 46
760,Fernande,Labbet,flabbetl3@mac.com,689-947-5409,PO Box 57426
761,Marion,Ledstone,mledstonel4@wikipedia.org,167-658-5952,PO Box 83380
762,Parke,Brood,pbroodl5@whitehouse.gov,263-971-7411,1st Floor
763,Lyndsay,Borel,lborell6@bravesites.com,534-954-4415,Apt 1344
764,Vallie,Curlis,vcurlisl7@java.com,352-310-4687,Apt 1483
765,Aura,Oughton,aoughtonl8@bloglovin.com,194-248-3482,Room 746
766,Agosto,Lagne,alagnel9@delicious.com,782-430-2205,Apt 1311
767,Paxon,Phillot,pphillotla@dot.gov,517-613-4271,3rd Floor
768,Mehetabel,Gawen,mgawenlb@mit.edu,841-822-8282,Suite 92
769,Salim,Matchett,smatchettlc@zdnet.com,758-879-1706,Apt 1574
770,Jared,Bolliver,jbolliverld@discovery.com,425-265-9165,PO Box 87287
771,Margette,Coules,mcoulesle@wp.com,213-739-9006,Apt 153
772,Kameko,Bracegirdle,kbracegirdlelf@drupal.org,163-693-5732,13th Floor
773,Gusty,Pretious,gpretiouslg@nytimes.com,908-360-9266,17th Floor
774,Noelyn,Othick,nothicklh@1688.com,997-929-5606,Room 781
775,Connie,O'Mahoney,comahoneyli@indiatimes.com,401-169-0703,Room 253
776,Archy,Segrave,asegravelj@bbb.org,837-777-5358,Room 1066
777,Mimi,Rawet,mrawetlk@cbsnews.com,425-497-1080,Room 610
778,Tyson,Thow,tthowll@typepad.com,515-410-5301,Room 523
779,Barbette,Bengough,bbengoughlm@newyorker.com,309-456-5779,Suite 61
780,Rutledge,Fardon,rfardonln@oaic.gov.au,419-545-2989,15th Floor
781,Alysia,Gossling,agosslinglo@paginegialle.it,187-534-9142,PO Box 3213
782,Auria,Mitchinson,amitchinsonlp@sciencedaily.com,590-518-4509,Suite 86
783,Burtie,Steanson,bsteansonlq@eventbrite.com,616-813-6471,2nd Floor
784,Clementia,Batrip,cbatriplr@nationalgeographic.com,260-189-4643,10th Floor
785,Tadeo,Dripp,tdrippls@themeforest.net,265-193-4938,PO Box 35381
786,Hansiain,Cansfield,hcansfieldlt@1688.com,472-196-7382,2nd Floor
787,Ferris,Mostyn,fmostynlu@dailymail.co.uk,371-937-9006,PO Box 13808
788,Olympie,Laneham,olanehamlv@bbb.org,771-820-7485,PO Box 87716
789,Greer,Curnock,gcurnocklw@mit.edu,988-637-4687,Room 578
790,Katerina,Daintry,kdaintrylx@skyrock.com,765-561-3849,PO Box 65216
791,Ana,Grist,agristly@latimes.com,879-460-9487,Suite 75
792,Elianora,Mynett,emynettlz@canalblog.com,686-533-7954,PO Box 31296
793,Scot,Von Helmholtz,svonhelmholtzm0@mtv.com,753-783-2047,PO Box 54287
794,Bunny,Valasek,bvalasekm1@ox.ac.uk,113-247-7940,PO Box 33760
795,Lila,Alessandrucci,lalessandruccim2@flavors.me,223-625-1646,PO Box 59196
796,Quincy,Cheshir,qcheshirm3@friendfeed.com,997-792-9309,Room 1872
797,Bebe,Butterfint,bbutterfintm4@ibm.com,236-902-1732,Apt 1149
798,Hastie,Wildor,hwildorm5@unblog.fr,825-746-0061,Apt 22
799,Leora,Shilton,lshiltonm6@slideshare.net,388-701-8651,PO Box 100
800,Tymothy,Bevington,tbevingtonm7@is.gd,802-313-8148,Apt 458
801,Sal,Broose,sbroosem8@creativecommons.org,123-123-4495,PO Box 47208
802,Bernhard,Manz,bmanzm9@illinois.edu,631-999-4409,Apt 1815
803,Ted,Beardshaw,tbeardshawma@hubpages.com,716-743-4052,Suite 60
804,Kathe,Orgel,korgelmb@homestead.com,300-105-1123,Room 341
805,Grace,Ech,gechmc@blogs.com,214-144-9108,PO Box 89602
806,Lina,Irnys,lirnysmd@cpanel.net,123-275-7856,PO Box 78691
807,Lindsy,McConachie,lmcconachieme@illinois.edu,858-525-3640,Suite 36
808,Patti,Tourry,ptourrymf@msu.edu,112-643-8302,Apt 868
809,Osborn,Andrioletti,oandriolettimg@example.com,837-182-0902,1st Floor
810,Lock,Gatland,lgatlandmh@slate.com,221-131-7372,Apt 790
811,Orelle,Brody,obrodymi@mac.com,317-545-5734,Apt 1449
812,North,Pucker,npuckermj@opera.com,164-677-1787,Room 921
813,Lacey,Tilmouth,ltilmouthmk@archive.org,488-898-2272,PO Box 83208
814,Staford,Popland,spoplandml@google.com.au,122-872-2869,Room 612
815,Bertine,Cruces,bcrucesmm@blogspot.com,284-349-8334,Room 1337
816,Martino,Causey,mcauseymn@who.int,128-305-5269,PO Box 59174
817,Sylvester,Manthroppe,smanthroppemo@reverbnation.com,412-706-8720,PO Box 98113
818,Terrence,Adnett,tadnettmp@unblog.fr,642-838-4779,Room 1242
819,Meriel,Cleft,mcleftmq@gmpg.org,542-731-7969,Room 142
820,Doloritas,Hindrick,dhindrickmr@arstechnica.com,213-134-0726,16th Floor
821,Stace,Sweet,ssweetms@mit.edu,868-708-1134,PO Box 16981
822,Suzie,Grute,sgrutemt@soup.io,418-623-7270,PO Box 64088
823,Edy,Whanstall,ewhanstallmu@sakura.ne.jp,526-788-0092,Suite 58
824,Adella,Charrette,acharrettemv@walmart.com,910-908-3069,Apt 739
825,Bart,Hasker,bhaskermw@flickr.com,517-684-5152,PO Box 70511
826,Montgomery,Clowser,mclowsermx@yolasite.com,227-762-4029,Room 679
827,Kore,Pavlishchev,kpavlishchevmy@csmonitor.com,620-813-2068,19th Floor
828,Glen,Robillard,grobillardmz@mashable.com,663-378-5664,Room 657
829,Tonnie,Rimes,trimesn0@feedburner.com,530-802-2826,PO Box 13094
830,Jeana,Grigg,jgriggn1@illinois.edu,864-822-9314,PO Box 65071
831,Julissa,Wasylkiewicz,jwasylkiewiczn2@prnewswire.com,234-350-9872,PO Box 20975
832,Hillary,Causby,hcausbyn3@squidoo.com,854-821-0244,Suite 60
833,Sheff,Vlasenko,svlasenkon4@tripadvisor.com,821-748-2691,PO Box 64833
834,Wilhelmine,Stutte,wstutten5@blogs.com,241-114-3474,Room 192
835,Arnaldo,Dalligan,adalligann6@privacy.gov.au,819-500-7339,Suite 13
836,Conrado,Pasby,cpasbyn7@fotki.com,807-736-9381,PO Box 94139
837,Andonis,McTague,amctaguen8@spotify.com,578-940-9829,Suite 64
838,Milka,Wharmby,mwharmbyn9@vinaora.com,625-464-5164,Room 228
839,Katerina,Titcumb,ktitcumbna@noaa.gov,606-390-5863,Room 141
840,Bron,Czajka,bczajkanb@discovery.com,174-244-4330,Room 524
841,Janeta,Yanyushkin,jyanyushkinnc@timesonline.co.uk,538-170-2210,Suite 82
842,Margarita,Crisp,mcrispnd@nyu.edu,649-650-8451,Room 266
843,Swen,Woollends,swoollendsne@acquirethisname.com,439-839-6899,4th Floor
844,Filippo,Aberdalgy,faberdalgynf@webnode.com,810-957-7843,Suite 7
845,Sarina,Morphey,smorpheyng@squidoo.com,536-974-6422,Apt 1184
846,Jerad,McEnhill,jmcenhillnh@hhs.gov,602-280-4042,Apt 458
847,Analise,Legge,aleggeni@aboutads.info,132-184-5083,Suite 53
848,Tremain,Woltering,twolteringnj@posterous.com,194-504-8504,Apt 501
849,Teddie,Drei,tdreink@virginia.edu,175-602-5905,Suite 37
850,Zaccaria,Westwell,zwestwellnl@narod.ru,661-610-1660,PO Box 9705
851,Weidar,Palfrey,wpalfreynm@blogs.com,743-221-9326,Suite 66
852,Monro,Winley,mwinleynn@shutterfly.com,697-598-9341,19th Floor
853,Maryann,McGuffog,mmcguffogno@sciencedaily.com,893-211-5208,Room 510
854,Katrina,Hannah,khannahnp@wordpress.org,222-212-7220,Suite 70
855,Iseabal,Le Huquet,ilehuquetnq@theguardian.com,562-263-3676,Suite 45
856,Honoria,Rosell,hrosellnr@meetup.com,507-945-1253,Apt 1879
857,Quinn,Saura,qsaurans@github.io,968-744-8707,PO Box 42625
858,Pier,Moden,pmodennt@guardian.co.uk,803-422-9615,Apt 1485
859,Pauletta,Alltimes,palltimesnu@comsenz.com,601-143-9027,PO Box 66282
860,Gustave,King,gkingnv@unesco.org,495-999-0612,15th Floor
861,Arnaldo,Talby,atalbynw@mozilla.com,185-344-1159,4th Floor
862,Lotty,Hamprecht,lhamprechtnx@msu.edu,173-478-8538,PO Box 56742
863,Correna,Stockman,cstockmanny@fda.gov,238-817-6802,Apt 67
864,Kissie,Bollis,kbollisnz@geocities.com,181-684-0290,Room 14
865,Rustie,Gregore,rgregoreo0@posterous.com,826-322-7425,1st Floor
866,Jennine,Thackham,jthackhamo1@google.com,505-484-6884,Suite 6
867,Bennett,Redmond,bredmondo2@devhub.com,226-875-9771,Suite 21
868,Steffane,Davidi,sdavidio3@shop-pro.jp,857-698-7331,Apt 1213
869,Suzie,Goodhay,sgoodhayo4@baidu.com,572-894-2961,PO Box 37134
870,Corabel,Threadkell,cthreadkello5@reddit.com,840-306-5247,Suite 97
871,Elaine,Ralfe,eralfeo6@soundcloud.com,882-629-0977,Apt 1309
872,Gabbi,Fiddyment,gfiddymento7@artisteer.com,428-273-6950,Suite 77
873,Guilbert,Grebert,ggreberto8@fotki.com,738-433-4967,14th Floor
874,Gallard,Swinerd,gswinerdo9@twitter.com,809-844-3775,Suite 71
875,Meriel,Di Biasio,mdibiasiooa@vkontakte.ru,493-482-8620,11th Floor
876,Zena,Bartels-Ellis,zbartelsellisob@elegantthemes.com,982-104-3654,Apt 918
877,Garland,Scamp,gscampoc@issuu.com,210-507-9167,Apt 1575
878,Hamish,Snoxell,hsnoxellod@lulu.com,728-304-2602,Suite 84
879,Ashla,Elvish,aelvishoe@cbc.ca,985-342-4264,PO Box 76787
880,Mickie,Stoakley,mstoakleyof@yellowbook.com,602-979-2148,10th Floor
881,Luke,Brauns,lbraunsog@elpais.com,557-977-1966,4th Floor
882,Aloysia,Skipsey,askipseyoh@youtu.be,421-509-8242,PO Box 76692
883,Kristien,Bahde,kbahdeoi@quantcast.com,831-496-8337,Suite 16
884,Corny,Kirkbright,ckirkbrightoj@shop-pro.jp,520-985-3171,PO Box 31081
885,Ailyn,Renshaw,arenshawok@github.io,895-829-8493,Apt 637
886,Annmaria,Adamo,aadamool@rambler.ru,720-749-0825,PO Box 19001
887,Benjy,Colhoun,bcolhounom@indiegogo.com,909-167-7091,PO Box 84288
888,Feodora,Giacobo,fgiacoboon@howstuffworks.com,268-647-9169,Room 1881
889,Virgie,O'Lunney,volunneyoo@slideshare.net,360-292-4339,Room 1054
890,Ermengarde,Gaye,egayeop@marriott.com,251-879-4618,PO Box 52465
891,Ilka,Brandsma,ibrandsmaoq@altervista.org,378-506-9540,Room 1801
892,Aarika,Stabbins,astabbinsor@aol.com,971-578-2289,4th Floor
893,Heinrik,Priestnall,hpriestnallos@issuu.com,346-393-4612,PO Box 11627
894,Latashia,Bell,lbellot@sbwire.com,105-693-4962,Suite 13
895,Delilah,Olley,dolleyou@biglobe.ne.jp,104-904-3697,9th Floor
896,Torey,Legon,tlegonov@sun.com,648-802-6327,Suite 32
897,Merilee,Fligg,mfliggow@weibo.com,895-227-0588,Room 851
898,Dyan,Labin,dlabinox@biglobe.ne.jp,305-334-4290,Apt 1424
899,Benjamen,Mimmack,bmimmackoy@stumbleupon.com,409-235-9801,20th Floor
900,Berkeley,Wickenden,bwickendenoz@cnn.com,695-717-5094,Room 6
901,Grove,Gofton,ggoftonp0@bizjournals.com,291-533-6469,PO Box 32578
902,Faber,Maillard,fmaillardp1@miitbeian.gov.cn,237-495-9263,20th Floor
903,Raquel,Okenfold,rokenfoldp2@goo.ne.jp,507-623-3091,Apt 364
904,Nat,Magnar,nmagnarp3@ft.com,850-761-3981,PO Box 50985
905,Avis,Zolini,azolinip4@latimes.com,305-964-4294,PO Box 40384
906,Tabb,Faulder,tfaulderp5@europa.eu,834-670-7128,5th Floor
907,Barbara,Hindge,bhindgep6@oracle.com,243-718-2415,Apt 438
908,Letta,Burkhill,lburkhillp7@diigo.com,322-906-2585,Suite 65
909,Chad,Tuppeny,ctuppenyp8@nih.gov,543-668-8751,Apt 1466
910,Flora,Bartels,fbartelsp9@harvard.edu,483-494-9389,7th Floor
911,Grange,Dimitrijevic,gdimitrijevicpa@flickr.com,919-323-3857,Apt 929
912,Fielding,Staff,fstaffpb@bandcamp.com,785-515-0362,Room 1676
913,Arnold,Gloves,aglovespc@archive.org,137-231-8893,Suite 11
914,Beryl,Etty,bettypd@opera.com,930-159-8917,8th Floor
915,Clayton,Fildes,cfildespe@fotki.com,966-292-5698,9th Floor
916,Audrie,Cadalleder,acadallederpf@a8.net,898-200-6627,Apt 1236
917,Carol-jean,Wintringham,cwintringhampg@cisco.com,325-322-0780,Suite 69
918,Robinetta,Picot,rpicotph@usgs.gov,232-219-8694,Room 1772
919,Friedrick,Reap,freappi@slashdot.org,131-215-7993,Room 1562
920,Randolf,Spreag,rspreagpj@edublogs.org,322-207-9336,3rd Floor
921,Lilith,Dossit,ldossitpk@netlog.com,599-473-5234,7th Floor
922,Fraze,Panons,fpanonspl@imdb.com,278-954-9924,Apt 946
923,Kip,Burburough,kburburoughpm@boston.com,317-863-2605,PO Box 1678
924,Trumann,Lowell,tlowellpn@over-blog.com,141-281-0729,Suite 74
925,Zedekiah,Khan,zkhanpo@ebay.com,312-737-3115,8th Floor
926,Hali,Josskoviz,hjosskovizpp@e-recht24.de,676-296-4348,Apt 269
927,Hermann,Falk,hfalkpq@forbes.com,494-707-7073,Apt 603
928,Vally,Josefs,vjosefspr@mayoclinic.com,382-510-3102,Room 1065
929,Rosalinda,Awcock,rawcockps@psu.edu,456-710-5152,Room 1041
930,Sile,Witter,switterpt@de.vu,944-804-7846,Room 86
931,Dieter,Haith,dhaithpu@discuz.net,435-180-9288,Suite 58
932,Marika,O' Culligan,moculliganpv@illinois.edu,680-891-7437,Suite 7
933,Otis,Cotton,ocottonpw@diigo.com,304-349-7649,Apt 246
934,Constantine,Midson,cmidsonpx@prnewswire.com,670-905-6318,Room 1425
935,Filmer,Gumn,fgumnpy@webmd.com,926-154-1655,Room 56
936,Hashim,Fudger,hfudgerpz@wordpress.org,852-308-1542,Suite 21
937,Peta,Pooly,ppoolyq0@tinyurl.com,421-359-0959,Suite 19
938,Adelind,Fricker,africkerq1@narod.ru,276-141-4847,5th Floor
939,Hallie,Bubb,hbubbq2@mozilla.com,702-277-6130,Apt 1225
940,Donny,Jozefowicz,djozefowiczq3@trellian.com,241-542-0978,Apt 212
941,Donella,Tydd,dtyddq4@washingtonpost.com,596-136-7873,7th Floor
942,Beverlee,Gravells,bgravellsq5@npr.org,730-418-6213,PO Box 97955
943,Thelma,Spitaro,tspitaroq6@craigslist.org,774-635-8241,Room 34
944,Teressa,Goodlip,tgoodlipq7@dailymail.co.uk,918-788-8787,Apt 1636
945,Ulberto,Ferbrache,uferbracheq8@webs.com,366-917-2165,Room 1029
946,Kirbee,Hastewell,khastewellq9@adobe.com,988-249-2771,Room 1091
947,Bettine,Chipps,bchippsqa@stanford.edu,289-808-5967,Room 389
948,Trev,Slimings,tslimingsqb@wiley.com,435-367-7502,PO Box 45554
949,Marthena,Muckeen,mmuckeenqc@unblog.fr,312-146-0047,Apt 1025
950,Lezley,Hexter,lhexterqd@cyberchimps.com,688-532-5040,PO Box 80841
951,Morly,Thickin,mthickinqe@ask.com,698-398-3412,Room 349
952,Etty,Pree,epreeqf@livejournal.com,255-724-6840,PO Box 24423
953,Munmro,Le Clercq,mleclercqqg@typepad.com,520-162-7826,Suite 65
954,Adele,Tonkes,atonkesqh@sohu.com,827-482-5886,Room 1386
955,Hester,Gleeton,hgleetonqi@soundcloud.com,633-169-6763,Apt 977
956,Johny,Pharo,jpharoqj@livejournal.com,312-326-6136,Room 1016
957,Loy,Vearncombe,lvearncombeqk@reuters.com,960-770-4636,Suite 37
958,Katrine,O'Currane,kocurraneql@accuweather.com,502-484-0321,Room 1496
959,Edvard,Brownlee,ebrownleeqm@mozilla.com,340-491-6956,PO Box 76498
960,Nolana,Malley,nmalleyqn@thetimes.co.uk,221-293-0175,Suite 27
961,Nat,Thunnercliff,nthunnercliffqo@accuweather.com,992-908-4209,1st Floor
962,Sonni,Ballach,sballachqp@npr.org,122-708-9017,Suite 86
963,Albrecht,Littleproud,alittleproudqq@prnewswire.com,171-738-4227,Room 123
964,Lyell,Mapstone,lmapstoneqr@reuters.com,684-268-0471,Suite 50
965,Maddi,Simmon,msimmonqs@umn.edu,362-708-5675,Room 1861
966,Susanna,Kyston,skystonqt@unicef.org,276-905-9585,7th Floor
967,Cheslie,Belson,cbelsonqu@army.mil,708-357-9346,Apt 872
968,Glen,Yushachkov,gyushachkovqv@who.int,176-195-6369,PO Box 43745
969,Nelia,Mordey,nmordeyqw@webeden.co.uk,615-461-1830,Room 1895
970,Reeba,Tunniclisse,rtunniclisseqx@state.tx.us,184-212-9154,PO Box 74125
971,Agosto,Laudham,alaudhamqy@storify.com,189-620-4969,Room 187
972,Ellissa,Iggalden,eiggaldenqz@baidu.com,975-861-0244,Suite 57
973,Malissa,Van den Broek,mvandenbroekr0@utexas.edu,303-792-4298,20th Floor
974,Leonelle,Beadnell,lbeadnellr1@tripod.com,189-981-4656,Suite 94
975,Jonah,Ledgard,jledgardr2@oakley.com,841-980-4722,Apt 1267
976,Newton,Almey,nalmeyr3@bloglines.com,936-784-0709,Suite 17
977,Carlita,Kiraly,ckiralyr4@usnews.com,973-996-6707,Apt 317
978,Hestia,Gatenby,hgatenbyr5@hp.com,402-376-0915,Suite 43
979,Beltran,Wallis,bwallisr6@adobe.com,405-720-9655,Suite 19
980,Valera,Cruden,vcrudenr7@amazonaws.com,255-345-9581,PO Box 48412
981,Darill,Fiddeman,dfiddemanr8@google.com,144-613-9617,Apt 930
982,Laurie,Phittiplace,lphittiplacer9@pagesperso-orange.fr,546-121-6693,8th Floor
983,Binny,Ridolfo,bridolfora@yelp.com,149-378-4460,Apt 900
984,Prudi,Sturdy,psturdyrb@abc.net.au,591-963-0646,Suite 100
985,Carleton,Yankin,cyankinrc@timesonline.co.uk,649-419-9247,PO Box 67734
986,Matilde,Emilien,memilienrd@networkadvertising.org,930-504-3600,Suite 97
987,Gilli,Cammish,gcammishre@lulu.com,798-452-3590,Suite 58
988,Sheeree,Gilmartin,sgilmartinrf@surveymonkey.com,949-904-8564,11th Floor
989,Cal,Slaughter,cslaughterrg@networksolutions.com,845-226-3266,PO Box 28796
990,Adrea,Mensler,amenslerrh@ow.ly,379-348-6255,Apt 152
991,Brannon,Emps,bempsri@facebook.com,636-597-4761,PO Box 62498
992,Rachel,Hallgalley,rhallgalleyrj@issuu.com,824-838-8691,18th Floor
993,Page,Saffon,psaffonrk@angelfire.com,315-559-1870,PO Box 44731
994,Dore,Turn,dturnrl@homestead.com,136-846-1354,Suite 92
995,Hali,Featherstone,hfeatherstonerm@example.com,858-431-5960,Room 1795
996,Chas,Lantuff,clantuffrn@rambler.ru,983-780-4388,Room 915
997,Brendon,Eve,bevero@apache.org,265-139-4080,Suite 64
998,Lanette,Strognell,lstrognellrp@sogou.com,854-531-7639,Apt 1455
999,Tabbie,Gleaves,tgleavesrq@intel.com,916-419-8637,Suite 48
1000,Alecia,Osbourne,aosbournerr@buzzfeed.com,904-246-5274,Apt 1797
